LGA,Month,Year,Persons_fever,RDT_tested,positive_by_RDT,Microscopy_tested,positive_by_Microscopy,Month_Num,Date,RDT_Positive_Rate,Microscopy_Positive_Rate
 Ado ,December,2021,788,788,526,0.0,0.0,12,2021-12-01,0.6675126903553299,
 Ado ,October,2021,470,470,325,0.0,0.0,10,2021-10-01,0.6914893617021277,
 Ado ,July,2021,616,581,367,0.0,0.0,07,2021-07-01,0.6316695352839932,
 Ado ,September,2021,652,652,352,0.0,0.0,09,2021-09-01,0.5398773006134969,
 Ado ,August,2021,894,893,599,0.0,0.0,08,2021-08-01,0.6707726763717805,
 Ado ,January,2021,540,538,341,0.0,0.0,01,2021-01-01,0.6338289962825279,
 Ado ,May,2021,622,622,422,0.0,0.0,05,2021-05-01,0.6784565916398714,
 Ado ,February,2021,479,466,315,13.0,8.0,02,2021-02-01,0.6759656652360515,0.6153846153846154
 Ado ,April,2021,582,578,389,0.0,0.0,04,2021-04-01,0.6730103806228374,
 Ado ,March,2021,780,800,540,0.0,0.0,03,2021-03-01,0.675,
 Ado ,Novemr,2021,941,941,718,0.0,0.0,,,0.7630180658873539,
 Ado ,June,2021,666,665,471,0.0,0.0,06,2021-06-01,0.7082706766917293,
 Ado ,February,2022,1530,1530,821,0.0,0.0,02,2022-02-01,0.5366013071895425,
 Ado ,May,2022,1776,1772,1078,0.0,0.0,05,2022-05-01,0.608352144469526,
 Ado ,April,2022,2170,2170,1197,0.0,0.0,04,2022-04-01,0.5516129032258065,
 Ado ,September,2022,2993,2993,568,0.0,0.0,09,2022-09-01,0.18977614433678583,
 Ado ,July,2022,429,422,165,0.0,0.0,07,2022-07-01,0.3909952606635071,
 Ado ,December,2022,637,510,442,0.0,0.0,12,2022-12-01,0.8666666666666667,
 Ado ,March,2022,965,958,527,0.0,0.0,03,2022-03-01,0.5501043841336117,
 Ado ,June,2022,2523,2326,1460,9.0,4.0,06,2022-06-01,0.6276870163370594,0.4444444444444444
 Ado ,Novemr,2022,1086,1086,683,0.0,0.0,,,0.6289134438305709,
 Ado ,January,2022,699,699,331,0.0,0.0,01,2022-01-01,0.47353361945636624,
 Ado ,October,2022,2199,2164,1093,0.0,0.0,10,2022-10-01,0.505083179297597,
 Ado ,August,2022,952,944,683,0.0,0.0,08,2022-08-01,0.7235169491525424,
 Ado ,January,2023,2539,2539,1371,0.0,0.0,01,2023-01-01,0.5399763686490744,
 Ado ,October,2023,2479,2479,1461,0.0,0.0,10,2023-10-01,0.5893505445744252,
 Ado ,Novemr,2023,2971,3133,2387,82.0,0.0,,,0.7618895627194382,0.0
 Ado ,July,2023,2420,2435,1838,7.0,0.0,07,2023-07-01,0.7548254620123204,0.0
 Ado ,September,2023,2467,2467,1426,0.0,0.0,09,2023-09-01,0.5780299959464937,
 Ado ,August,2023,2200,2183,1303,6.0,6.0,08,2023-08-01,0.5968850206138342,1.0
 Ado ,February,2023,1660,1652,1182,8.0,8.0,02,2023-02-01,0.715496368038741,1.0
 Ado ,December,2023,1901,1901,1384,0.0,0.0,12,2023-12-01,0.7280378748027354,
 Ado ,March,2023,2049,2049,1343,0.0,0.0,03,2023-03-01,0.6554416788677404,
 Ado ,June,2023,2232,2232,1219,0.0,0.0,06,2023-06-01,0.546146953405018,
 Ado ,May,2023,1386,1385,783,4.0,0.0,05,2023-05-01,0.5653429602888087,0.0
 Ado ,April,2023,1986,1878,1050,10.0,9.0,04,2023-04-01,0.5591054313099042,0.9
 Ado ,February,2024,1665,1620,1409,0.0,0.0,02,2024-02-01,0.8697530864197531,
 Ado ,June,2024,1547,1364,1068,0.0,0.0,06,2024-06-01,0.782991202346041,
 Ado ,August,2024,596,596,402,1.0,0.0,08,2024-08-01,0.674496644295302,0.0
 Ado ,January,2024,347,358,280,0.0,0.0,01,2024-01-01,0.7821229050279329,
 Ado ,December,2024,502,455,369,9.0,0.0,12,2024-12-01,0.810989010989011,0.0
 Ado ,October,2024,2144,2091,1626,0.0,0.0,10,2024-10-01,0.7776183644189383,
 Ado ,May,2024,548,532,327,0.0,0.0,05,2024-05-01,0.6146616541353384,
 Ado ,March,2024,1607,1549,1080,3.0,0.0,03,2024-03-01,0.697224015493867,0.0
 Ado ,April,2024,620,620,551,0.0,0.0,04,2024-04-01,0.8887096774193548,
 Ado ,September,2024,618,606,386,0.0,0.0,09,2024-09-01,0.636963696369637,
 Ado ,July,2024,850,847,684,0.0,0.0,07,2024-07-01,0.807556080283353,
 Ado ,Novemr,2024,602,602,443,0.0,0.0,,,0.7358803986710963,
 Agatu ,September,2021,495,495,353,0.0,0.0,09,2021-09-01,0.7131313131313132,
 Agatu ,July,2021,580,566,359,0.0,0.0,07,2021-07-01,0.6342756183745583,
 Agatu ,Novemr,2021,950,950,687,0.0,0.0,,,0.7231578947368421,
 Agatu ,June,2021,638,630,459,0.0,0.0,06,2021-06-01,0.7285714285714285,
 Agatu ,April,2021,672,673,420,0.0,0.0,04,2021-04-01,0.6240713224368499,
 Agatu ,March,2021,512,505,349,2.0,0.0,03,2021-03-01,0.691089108910891,0.0
 Agatu ,January,2021,178,178,120,0.0,0.0,01,2021-01-01,0.6741573033707865,
 Agatu ,August,2021,622,622,407,0.0,0.0,08,2021-08-01,0.6543408360128617,
 Agatu ,October,2021,964,961,805,0.0,0.0,10,2021-10-01,0.8376690946930281,
 Agatu ,May,2021,741,687,445,0.0,0.0,05,2021-05-01,0.6477438136826783,
 Agatu ,February,2021,291,291,241,0.0,0.0,02,2021-02-01,0.8281786941580757,
 Agatu ,December,2021,313,318,226,0.0,0.0,12,2021-12-01,0.710691823899371,
 Agatu ,August,2022,880,880,475,0.0,0.0,08,2022-08-01,0.5397727272727273,
 Agatu ,January,2022,1082,1058,614,0.0,0.0,01,2022-01-01,0.5803402646502835,
 Agatu ,December,2022,909,878,598,0.0,0.0,12,2022-12-01,0.6810933940774487,
 Agatu ,Novemr,2022,1695,1695,915,2.0,0.0,,,0.5398230088495575,0.0
 Agatu ,October,2022,1468,1441,919,0.0,0.0,10,2022-10-01,0.6377515614156836,
 Agatu ,March,2022,861,861,399,0.0,0.0,03,2022-03-01,0.4634146341463415,
 Agatu ,May,2022,588,429,255,66.0,39.0,05,2022-05-01,0.5944055944055944,0.5909090909090909
 Agatu ,April,2022,875,847,505,15.0,13.0,04,2022-04-01,0.5962219598583235,0.8666666666666667
 Agatu ,June,2022,777,751,309,0.0,0.0,06,2022-06-01,0.41145139813581894,
 Agatu ,February,2022,915,909,418,0.0,0.0,02,2022-02-01,0.4598459845984598,
 Agatu ,September,2022,756,756,239,0.0,0.0,09,2022-09-01,0.31613756613756616,
 Agatu ,July,2022,1004,1012,614,0.0,0.0,07,2022-07-01,0.6067193675889329,
 Agatu ,October,2023,2370,2350,1298,0.0,9.0,10,2023-10-01,0.5523404255319149,
 Agatu ,January,2023,2625,2401,1429,5.0,19.0,01,2023-01-01,0.5951686797167847,3.8
 Agatu ,July,2023,2409,2409,1692,0.0,0.0,07,2023-07-01,0.7023661270236613,
 Agatu ,August,2023,3049,3038,2182,0.0,0.0,08,2023-08-01,0.7182356813693219,
 Agatu ,February,2023,1772,1772,981,0.0,0.0,02,2023-02-01,0.5536117381489842,
 Agatu ,March,2023,2460,2460,1346,0.0,0.0,03,2023-03-01,0.5471544715447154,
 Agatu ,June,2023,2625,2610,1979,4.0,13.0,06,2023-06-01,0.7582375478927204,3.25
 Agatu ,April,2023,3420,3411,2307,0.0,0.0,04,2023-04-01,0.6763412489006156,
 Agatu ,September,2023,1898,1938,1085,0.0,0.0,09,2023-09-01,0.5598555211558307,
 Agatu ,Novemr,2023,1993,1993,1049,0.0,0.0,,,0.5263421976919217,
 Agatu ,December,2023,1615,1615,698,4.0,0.0,12,2023-12-01,0.4321981424148607,0.0
 Agatu ,May,2023,3104,3093,2262,3.0,3.0,05,2023-05-01,0.7313288069835111,1.0
 Agatu ,February,2024,302,291,193,0.0,0.0,02,2024-02-01,0.6632302405498282,
 Agatu ,Novemr,2024,833,827,582,3.0,2.0,,,0.7037484885126964,0.6666666666666666
 Agatu ,April,2024,918,908,400,0.0,0.0,04,2024-04-01,0.44052863436123346,
 Agatu ,May,2024,1713,1660,1185,6.0,2.0,05,2024-05-01,0.713855421686747,0.3333333333333333
 Agatu ,July,2024,1521,456,351,0.0,0.0,07,2024-07-01,0.7697368421052632,
 Agatu ,September,2024,630,630,436,0.0,0.0,09,2024-09-01,0.692063492063492,
 Agatu ,December,2024,678,664,480,2.0,0.0,12,2024-12-01,0.7228915662650602,0.0
 Agatu ,January,2024,1581,1329,914,0.0,0.0,01,2024-01-01,0.6877351392024078,
 Agatu ,October,2024,1775,1617,1158,9.0,0.0,10,2024-10-01,0.7161410018552876,0.0
 Agatu ,June,2024,763,767,595,0.0,0.0,06,2024-06-01,0.7757496740547588,
 Agatu ,March,2024,1197,939,674,0.0,0.0,03,2024-03-01,0.7177848775292864,
 Agatu ,August,2024,840,839,648,0.0,0.0,08,2024-08-01,0.7723480333730631,
 Apa ,June,2021,432,432,283,0.0,0.0,06,2021-06-01,0.6550925925925926,
 Apa ,March,2021,804,805,558,0.0,0.0,03,2021-03-01,0.6931677018633541,
 Apa ,December,2021,545,543,285,0.0,0.0,12,2021-12-01,0.5248618784530387,
 Apa ,January,2021,540,540,383,0.0,0.0,01,2021-01-01,0.7092592592592593,
 Apa ,October,2021,603,587,370,0.0,0.0,10,2021-10-01,0.6303236797274276,
 Apa ,May,2021,228,225,150,0.0,0.0,05,2021-05-01,0.6666666666666666,
 Apa ,February,2021,558,557,428,1.0,1.0,02,2021-02-01,0.7684021543985637,1.0
 Apa ,September,2021,498,497,331,0.0,0.0,09,2021-09-01,0.6659959758551308,
 Apa ,Novemr,2021,827,827,630,0.0,0.0,,,0.7617896009673518,
 Apa ,July,2021,621,621,404,0.0,0.0,07,2021-07-01,0.6505636070853462,
 Apa ,August,2021,618,618,308,0.0,0.0,08,2021-08-01,0.49838187702265374,
 Apa ,April,2021,818,818,525,0.0,0.0,04,2021-04-01,0.6418092909535452,
 Apa ,May,2022,1184,1184,401,0.0,0.0,05,2022-05-01,0.33868243243243246,
 Apa ,June,2022,1174,1186,770,7.0,7.0,06,2022-06-01,0.6492411467116358,1.0
 Apa ,February,2022,643,629,213,2.0,2.0,02,2022-02-01,0.3386327503974563,1.0
 Apa ,December,2022,1473,1462,793,0.0,0.0,12,2022-12-01,0.542407660738714,
 Apa ,March,2022,951,949,601,0.0,0.0,03,2022-03-01,0.6332982086406744,
 Apa ,September,2022,384,384,220,3.0,0.0,09,2022-09-01,0.5729166666666666,0.0
 Apa ,April,2022,1002,1001,456,0.0,0.0,04,2022-04-01,0.45554445554445555,
 Apa ,July,2022,1145,1118,768,0.0,0.0,07,2022-07-01,0.6869409660107334,
 Apa ,October,2022,1479,1472,757,0.0,0.0,10,2022-10-01,0.514266304347826,
 Apa ,January,2022,983,983,507,0.0,0.0,01,2022-01-01,0.5157680569684638,
 Apa ,Novemr,2022,1587,1587,693,0.0,0.0,,,0.43667296786389415,
 Apa ,August,2022,864,860,439,0.0,0.0,08,2022-08-01,0.5104651162790698,
 Apa ,September,2023,3380,2859,1263,460.0,194.0,09,2023-09-01,0.44176285414480587,0.4217391304347826
 Apa ,February,2023,1528,1109,756,252.0,101.0,02,2023-02-01,0.6816952209197475,0.4007936507936508
 Apa ,December,2023,3097,2569,1223,329.0,208.0,12,2023-12-01,0.4760607240171273,0.6322188449848024
 Apa ,April,2023,4009,3620,1573,378.0,169.0,04,2023-04-01,0.4345303867403315,0.4470899470899471
 Apa ,June,2023,4665,4307,2472,333.0,147.0,06,2023-06-01,0.5739493847225446,0.44144144144144143
 Apa ,January,2023,3464,3109,1841,262.0,167.0,01,2023-01-01,0.5921518173045995,0.6374045801526718
 Apa ,August,2023,8054,7490,2669,104.0,80.0,08,2023-08-01,0.3563417890520694,0.7692307692307693
 Apa ,July,2023,3580,2827,1544,539.0,410.0,07,2023-07-01,0.5461620091970286,0.7606679035250464
 Apa ,October,2023,2062,1692,625,252.0,145.0,10,2023-10-01,0.3693853427895981,0.5753968253968254
 Apa ,May,2023,1118,904,644,241.0,214.0,05,2023-05-01,0.7123893805309734,0.8879668049792531
 Apa ,Novemr,2023,7351,7026,3648,321.0,106.0,,,0.5192143467122118,0.3302180685358255
 Apa ,March,2023,5316,4025,2268,226.0,150.0,03,2023-03-01,0.5634782608695652,0.6637168141592921
 Apa ,December,2024,616,610,225,2.0,0.0,12,2024-12-01,0.36885245901639346,0.0
 Apa ,October,2024,770,756,669,0.0,10.0,10,2024-10-01,0.8849206349206349,
 Apa ,January,2024,403,383,229,0.0,0.0,01,2024-01-01,0.597911227154047,
 Apa ,August,2024,562,562,388,0.0,0.0,08,2024-08-01,0.6903914590747331,
 Apa ,April,2024,956,914,689,0.0,0.0,04,2024-04-01,0.7538293216630197,
 Apa ,June,2024,505,492,360,0.0,0.0,06,2024-06-01,0.7317073170731707,
 Apa ,March,2024,675,655,561,3.0,0.0,03,2024-03-01,0.8564885496183207,0.0
 Apa ,Novemr,2024,564,531,437,0.0,0.0,,,0.8229755178907722,
 Apa ,May,2024,1243,1197,969,0.0,0.0,05,2024-05-01,0.8095238095238095,
 Apa ,September,2024,998,993,754,0.0,0.0,09,2024-09-01,0.7593152064451159,
 Apa ,July,2024,894,872,599,0.0,0.0,07,2024-07-01,0.6869266055045872,
 Apa ,February,2024,1139,1079,836,0.0,0.0,02,2024-02-01,0.7747914735866543,
 Buruku ,October,2021,742,679,396,0.0,0.0,10,2021-10-01,0.5832106038291606,
 Buruku ,December,2021,500,500,285,0.0,0.0,12,2021-12-01,0.57,
 Buruku ,June,2021,558,554,398,0.0,0.0,06,2021-06-01,0.7184115523465704,
 Buruku ,April,2021,527,527,391,0.0,0.0,04,2021-04-01,0.7419354838709677,
 Buruku ,March,2021,549,548,347,0.0,0.0,03,2021-03-01,0.6332116788321168,
 Buruku ,February,2021,789,742,460,0.0,0.0,02,2021-02-01,0.6199460916442049,
 Buruku ,May,2021,728,727,556,0.0,0.0,05,2021-05-01,0.7647867950481431,
 Buruku ,Novemr,2021,657,653,402,0.0,0.0,,,0.6156202143950995,
 Buruku ,August,2021,906,893,635,0.0,0.0,08,2021-08-01,0.7110862262038073,
 Buruku ,July,2021,693,693,507,0.0,0.0,07,2021-07-01,0.7316017316017316,
 Buruku ,January,2021,652,634,367,0.0,0.0,01,2021-01-01,0.5788643533123028,
 Buruku ,September,2021,684,684,428,0.0,0.0,09,2021-09-01,0.6257309941520468,
 Buruku ,July,2022,1080,1080,466,0.0,0.0,07,2022-07-01,0.43148148148148147,
 Buruku ,September,2022,956,950,492,0.0,0.0,09,2022-09-01,0.5178947368421053,
 Buruku ,June,2022,1125,1110,560,0.0,0.0,06,2022-06-01,0.5045045045045045,
 Buruku ,May,2022,1361,1361,654,0.0,0.0,05,2022-05-01,0.4805290227773696,
 Buruku ,March,2022,846,846,242,0.0,0.0,03,2022-03-01,0.2860520094562648,
 Buruku ,February,2022,1279,1273,768,0.0,0.0,02,2022-02-01,0.603299293008641,
 Buruku ,Novemr,2022,965,915,637,0.0,0.0,,,0.6961748633879782,
 Buruku ,December,2022,1160,1186,817,23.0,0.0,12,2022-12-01,0.6888701517706577,0.0
 Buruku ,October,2022,1302,1297,764,0.0,8.0,10,2022-10-01,0.5890516576715498,
 Buruku ,August,2022,1396,1396,802,0.0,0.0,08,2022-08-01,0.5744985673352435,
 Buruku ,January,2022,1284,1282,724,0.0,0.0,01,2022-01-01,0.5647425897035881,
 Buruku ,April,2022,1207,1207,611,12.0,1.0,04,2022-04-01,0.5062137531068766,0.08333333333333333
 Buruku ,Novemr,2023,3626,3560,2703,40.0,31.0,,,0.7592696629213483,0.775
 Buruku ,January,2023,7106,6763,2921,319.0,119.0,01,2023-01-01,0.4319089161614668,0.3730407523510972
 Buruku ,August,2023,3396,2780,1298,410.0,338.0,08,2023-08-01,0.46690647482014386,0.824390243902439
 Buruku ,July,2023,6483,6202,2355,194.0,127.0,07,2023-07-01,0.3797162205740084,0.654639175257732
 Buruku ,October,2023,5457,5086,2291,349.0,176.0,10,2023-10-01,0.450452221785293,0.504297994269341
 Buruku ,April,2023,2849,2404,992,283.0,110.0,04,2023-04-01,0.41264559068219636,0.38869257950530034
 Buruku ,March,2023,4192,3488,1574,394.0,327.0,03,2023-03-01,0.45126146788990823,0.8299492385786802
 Buruku ,May,2023,3026,2663,1369,247.0,138.0,05,2023-05-01,0.5140818625610214,0.5587044534412956
 Buruku ,June,2023,2677,2343,1261,255.0,155.0,06,2023-06-01,0.5381988903115663,0.6078431372549019
 Buruku ,December,2023,3706,3241,1869,457.0,345.0,12,2023-12-01,0.5766738660907127,0.7549234135667396
 Buruku ,September,2023,4555,3796,1999,420.0,341.0,09,2023-09-01,0.5266069546891464,0.8119047619047619
 Buruku ,February,2023,3127,2652,1240,409.0,187.0,02,2023-02-01,0.4675716440422323,0.4572127139364303
 Buruku ,February,2024,2203,1773,1317,167.0,106.0,02,2024-02-01,0.7428087986463621,0.6347305389221557
 Buruku ,Novemr,2024,3651,3623,2551,0.0,0.0,,,0.7041126138559205,
 Buruku ,July,2024,2267,2028,1556,217.0,169.0,07,2024-07-01,0.7672583826429981,0.7788018433179723
 Buruku ,September,2024,3373,3176,2194,114.0,56.0,09,2024-09-01,0.6908060453400504,0.49122807017543857
 Buruku ,May,2024,1623,1623,979,0.0,0.0,05,2024-05-01,0.6032039433148491,
 Buruku ,April,2024,2509,2486,1837,14.0,5.0,04,2024-04-01,0.7389380530973452,0.35714285714285715
 Buruku ,March,2024,3026,3023,1966,0.0,0.0,03,2024-03-01,0.6503473370823685,
 Buruku ,June,2024,1878,1494,1273,250.0,192.0,06,2024-06-01,0.8520749665327979,0.768
 Buruku ,October,2024,3260,3108,2067,147.0,91.0,10,2024-10-01,0.665057915057915,0.6190476190476191
 Buruku ,August,2024,2418,2028,1499,131.0,86.0,08,2024-08-01,0.7391518737672583,0.6564885496183206
 Buruku ,January,2024,2967,2811,2307,172.0,128.0,01,2024-01-01,0.8207043756670224,0.7441860465116279
 Buruku ,December,2024,2367,2313,1239,0.0,0.0,12,2024-12-01,0.5356679636835279,
 Gboko ,December,2021,1529,1528,1098,0.0,0.0,12,2021-12-01,0.7185863874345549,
 Gboko ,May,2021,1020,1020,604,0.0,0.0,05,2021-05-01,0.592156862745098,
 Gboko ,February,2021,1622,1600,1218,0.0,0.0,02,2021-02-01,0.76125,
 Gboko ,October,2021,1260,1260,823,0.0,0.0,10,2021-10-01,0.6531746031746032,
 Gboko ,June,2021,1644,1644,1107,0.0,0.0,06,2021-06-01,0.6733576642335767,
 Gboko ,January,2021,1552,1553,1156,0.0,0.0,01,2021-01-01,0.7443657437218287,
 Gboko ,September,2021,871,871,431,0.0,0.0,09,2021-09-01,0.49483352468427094,
 Gboko ,July,2021,1503,1497,925,0.0,0.0,07,2021-07-01,0.6179024716098864,
 Gboko ,August,2021,894,802,562,25.0,25.0,08,2021-08-01,0.7007481296758105,1.0
 Gboko ,March,2021,806,710,538,20.0,20.0,03,2021-03-01,0.7577464788732394,1.0
 Gboko ,Novemr,2021,1282,1278,836,0.0,0.0,,,0.6541471048513302,
 Gboko ,April,2021,782,782,407,0.0,0.0,04,2021-04-01,0.520460358056266,
 Gboko ,September,2022,526,516,314,0.0,0.0,09,2022-09-01,0.6085271317829457,
 Gboko ,March,2022,766,928,557,60.0,31.0,03,2022-03-01,0.6002155172413793,0.5166666666666667
 Gboko ,July,2022,825,805,400,20.0,2.0,07,2022-07-01,0.4968944099378882,0.1
 Gboko ,February,2022,1150,1130,578,20.0,1.0,02,2022-02-01,0.511504424778761,0.05
 Gboko ,May,2022,1053,1053,478,0.0,0.0,05,2022-05-01,0.4539411206077873,
 Gboko ,June,2022,1140,1105,732,10.0,10.0,06,2022-06-01,0.6624434389140271,1.0
 Gboko ,December,2022,987,887,421,0.0,0.0,12,2022-12-01,0.4746335963923337,
 Gboko ,January,2022,374,341,132,33.0,25.0,01,2022-01-01,0.3870967741935484,0.7575757575757576
 Gboko ,Novemr,2022,1015,994,560,19.0,19.0,,,0.5633802816901409,1.0
 Gboko ,October,2022,1177,1177,564,0.0,0.0,10,2022-10-01,0.4791843670348343,
 Gboko ,April,2022,1036,1036,629,0.0,0.0,04,2022-04-01,0.6071428571428571,
 Gboko ,August,2022,880,880,343,0.0,0.0,08,2022-08-01,0.38977272727272727,
 Gboko ,January,2023,4090,3710,2071,199.0,146.0,01,2023-01-01,0.5582210242587601,0.7336683417085427
 Gboko ,October,2023,5281,3936,1601,901.0,482.0,10,2023-10-01,0.4067581300813008,0.5349611542730299
 Gboko ,February,2023,3314,2786,1205,433.0,336.0,02,2023-02-01,0.4325197415649677,0.7759815242494227
 Gboko ,May,2023,5441,4217,2695,1364.0,756.0,05,2023-05-01,0.6390799146312545,0.5542521994134897
 Gboko ,December,2023,3778,3055,1712,277.0,165.0,12,2023-12-01,0.560392798690671,0.5956678700361011
 Gboko ,June,2023,5075,4610,2582,292.0,200.0,06,2023-06-01,0.5600867678958785,0.684931506849315
 Gboko ,March,2023,2486,2273,1008,200.0,104.0,03,2023-03-01,0.4434667839859217,0.52
 Gboko ,April,2023,3209,2789,1330,267.0,116.0,04,2023-04-01,0.4768734313373969,0.4344569288389513
 Gboko ,July,2023,4944,3998,1953,643.0,248.0,07,2023-07-01,0.48849424712356176,0.3856920684292379
 Gboko ,September,2023,3609,2609,1468,849.0,213.0,09,2023-09-01,0.5626676887696436,0.2508833922261484
 Gboko ,August,2023,3272,2888,1451,245.0,160.0,08,2023-08-01,0.5024238227146814,0.6530612244897959
 Gboko ,Novemr,2023,5796,5008,2322,757.0,193.0,,,0.46365814696485624,0.25495376486129456
 Gboko ,February,2024,2315,2066,1443,130.0,56.0,02,2024-02-01,0.6984511132623427,0.4307692307692308
 Gboko ,July,2024,1614,1515,941,122.0,86.0,07,2024-07-01,0.6211221122112212,0.7049180327868853
 Gboko ,Novemr,2024,1675,1485,1324,137.0,121.0,,,0.8915824915824916,0.8832116788321168
 Gboko ,March,2024,1299,1199,933,0.0,0.0,03,2024-03-01,0.7781484570475397,
 Gboko ,April,2024,3028,2785,1879,178.0,132.0,04,2024-04-01,0.6746858168761221,0.7415730337078652
 Gboko ,June,2024,1660,1386,1081,229.0,163.0,06,2024-06-01,0.7799422799422799,0.7117903930131004
 Gboko ,October,2024,1656,1468,1208,173.0,127.0,10,2024-10-01,0.8228882833787466,0.7341040462427746
 Gboko ,December,2024,1541,1477,1135,0.0,0.0,12,2024-12-01,0.7684495599187542,
 Gboko ,January,2024,2514,2501,1641,0.0,0.0,01,2024-01-01,0.6561375449820072,
 Gboko ,August,2024,2040,2035,1424,0.0,0.0,08,2024-08-01,0.6997542997542997,
 Gboko ,September,2024,2356,2154,1357,101.0,43.0,09,2024-09-01,0.6299907149489322,0.42574257425742573
 Gboko ,May,2024,2665,2645,1820,21.0,15.0,05,2024-05-01,0.6880907372400756,0.7142857142857143
 Guma ,September,2021,1638,1634,1178,0.0,0.0,09,2021-09-01,0.7209302325581395,
 Guma ,July,2021,1444,1400,1064,16.0,16.0,07,2021-07-01,0.76,1.0
 Guma ,August,2021,1466,1464,1010,0.0,0.0,08,2021-08-01,0.6898907103825137,
 Guma ,February,2021,940,829,534,15.0,15.0,02,2021-02-01,0.6441495778045838,1.0
 Guma ,May,2021,1469,1469,1048,0.0,0.0,05,2021-05-01,0.7134104833219878,
 Guma ,January,2021,849,849,510,0.0,0.0,01,2021-01-01,0.6007067137809188,
 Guma ,Novemr,2021,658,580,436,29.0,36.0,,,0.7517241379310344,1.2413793103448276
 Guma ,April,2021,733,692,505,14.0,14.0,04,2021-04-01,0.7297687861271677,1.0
 Guma ,March,2021,1060,1060,625,0.0,0.0,03,2021-03-01,0.589622641509434,
 Guma ,June,2021,1453,1453,1001,0.0,0.0,06,2021-06-01,0.6889194769442533,
 Guma ,October,2021,565,569,406,12.0,22.0,10,2021-10-01,0.7135325131810193,1.8333333333333333
 Guma ,December,2021,621,561,398,40.0,36.0,12,2021-12-01,0.7094474153297683,0.9
 Guma ,April,2022,181,155,92,0.0,0.0,04,2022-04-01,0.5935483870967742,
 Guma ,October,2022,400,404,254,0.0,0.0,10,2022-10-01,0.6287128712871287,
 Guma ,Novemr,2022,1695,1625,1216,0.0,0.0,,,0.7483076923076923,
 Guma ,January,2022,1702,1632,1181,0.0,0.0,01,2022-01-01,0.7236519607843137,
 Guma ,August,2022,307,253,168,1.0,0.0,08,2022-08-01,0.6640316205533597,0.0
 Guma ,February,2022,1213,1214,1015,0.0,0.0,02,2022-02-01,0.8360790774299836,
 Guma ,June,2022,223,206,58,0.0,0.0,06,2022-06-01,0.2815533980582524,
 Guma ,May,2022,1892,1886,1323,0.0,0.0,05,2022-05-01,0.7014846235418876,
 Guma ,December,2022,329,306,227,1.0,1.0,12,2022-12-01,0.7418300653594772,1.0
 Guma ,March,2022,1041,1023,709,0.0,0.0,03,2022-03-01,0.6930596285434996,
 Guma ,July,2022,1064,1064,712,0.0,0.0,07,2022-07-01,0.6691729323308271,
 Guma ,September,2022,939,944,682,0.0,0.0,09,2022-09-01,0.722457627118644,
 Guma ,March,2023,5604,5340,2722,188.0,112.0,03,2023-03-01,0.5097378277153558,0.5957446808510638
 Guma ,May,2023,3340,2831,1313,519.0,204.0,05,2023-05-01,0.4637937124690922,0.3930635838150289
 Guma ,June,2023,738,483,321,359.0,348.0,06,2023-06-01,0.6645962732919255,0.9693593314763231
 Guma ,January,2023,3331,2853,1603,370.0,196.0,01,2023-01-01,0.5618647038205398,0.5297297297297298
 Guma ,October,2023,1469,1284,638,159.0,84.0,10,2023-10-01,0.4968847352024922,0.5283018867924528
 Guma ,Novemr,2023,546,410,214,93.0,62.0,,,0.5219512195121951,0.6666666666666666
 Guma ,April,2023,3624,3061,1418,562.0,485.0,04,2023-04-01,0.46324730480235216,0.8629893238434164
 Guma ,February,2023,4078,3653,1605,337.0,170.0,02,2023-02-01,0.43936490555707636,0.5044510385756676
 Guma ,September,2023,3834,3109,2084,153.0,135.0,09,2023-09-01,0.6703119974268253,0.8823529411764706
 Guma ,July,2023,4006,3758,1384,235.0,180.0,07,2023-07-01,0.368281000532198,0.7659574468085106
 Guma ,August,2023,5929,5613,3081,236.0,173.0,08,2023-08-01,0.5489043292357029,0.7330508474576272
 Guma ,December,2023,2499,2121,654,373.0,142.0,12,2023-12-01,0.30834512022630833,0.3806970509383378
 Guma ,March,2024,1393,1275,1004,35.0,35.0,03,2024-03-01,0.7874509803921569,1.0
 Guma ,June,2024,2026,1889,1439,136.0,67.0,06,2024-06-01,0.7617787188988883,0.49264705882352944
 Guma ,April,2024,2390,2385,1635,0.0,0.0,04,2024-04-01,0.6855345911949685,
 Guma ,Novemr,2024,2571,2568,1738,0.0,0.0,,,0.676791277258567,
 Guma ,September,2024,1230,1213,924,2.0,2.0,09,2024-09-01,0.761747732893652,1.0
 Guma ,July,2024,1338,1254,785,52.0,52.0,07,2024-07-01,0.6259968102073366,1.0
 Guma ,February,2024,2615,2611,1914,0.0,0.0,02,2024-02-01,0.7330524703178859,
 Guma ,May,2024,2335,1893,1343,135.0,49.0,05,2024-05-01,0.7094558901215002,0.362962962962963
 Guma ,December,2024,1604,1394,1175,140.0,121.0,12,2024-12-01,0.8428981348637016,0.8642857142857143
 Guma ,October,2024,2004,1986,1157,0.0,0.0,10,2024-10-01,0.5825780463242699,
 Guma ,August,2024,3149,2968,2192,165.0,131.0,08,2024-08-01,0.738544474393531,0.793939393939394
 Guma ,January,2024,2383,2362,1658,0.0,0.0,01,2024-01-01,0.7019475021168501,
 Gwer East ,Novemr,2021,1589,1563,1122,11.0,7.0,,,0.7178502879078695,0.6363636363636364
 Gwer East ,March,2021,1021,1021,614,0.0,0.0,03,2021-03-01,0.6013712047012733,
 Gwer East ,April,2021,917,917,527,0.0,0.0,04,2021-04-01,0.5747001090512541,
 Gwer East ,June,2021,1040,1040,691,0.0,0.0,06,2021-06-01,0.6644230769230769,
 Gwer East ,December,2021,650,569,370,42.0,42.0,12,2021-12-01,0.6502636203866432,1.0
 Gwer East ,October,2021,1619,1596,1143,0.0,0.0,10,2021-10-01,0.7161654135338346,
 Gwer East ,May,2021,1600,1535,1007,0.0,0.0,05,2021-05-01,0.6560260586319219,
 Gwer East ,February,2021,1007,983,749,12.0,12.0,02,2021-02-01,0.7619532044760936,1.0
 Gwer East ,August,2021,1290,1290,780,0.0,0.0,08,2021-08-01,0.6046511627906976,
 Gwer East ,January,2021,1531,1517,1129,0.0,0.0,01,2021-01-01,0.7442320369149638,
 Gwer East ,July,2021,767,719,541,36.0,36.0,07,2021-07-01,0.7524339360222532,1.0
 Gwer East ,September,2021,1546,1520,1206,26.0,26.0,09,2021-09-01,0.7934210526315789,1.0
 Gwer East ,October,2022,1047,1045,937,0.0,0.0,10,2022-10-01,0.8966507177033493,
 Gwer East ,January,2022,862,848,437,3.0,0.0,01,2022-01-01,0.5153301886792453,0.0
 Gwer East ,August,2022,2039,2039,1378,0.0,0.0,08,2022-08-01,0.6758214811181952,
 Gwer East ,March,2022,709,715,522,0.0,0.0,03,2022-03-01,0.73006993006993,
 Gwer East ,June,2022,929,929,551,0.0,0.0,06,2022-06-01,0.5931108719052745,
 Gwer East ,December,2022,2181,2179,1630,0.0,0.0,12,2022-12-01,0.7480495640201927,
 Gwer East ,Novemr,2022,162,139,53,0.0,0.0,,,0.381294964028777,
 Gwer East ,September,2022,1505,1504,1055,0.0,0.0,09,2022-09-01,0.7014627659574468,
 Gwer East ,February,2022,1781,1781,1088,0.0,0.0,02,2022-02-01,0.6108927568781584,
 Gwer East ,July,2022,1129,1129,830,0.0,0.0,07,2022-07-01,0.7351638618246236,
 Gwer East ,May,2022,362,359,197,0.0,0.0,05,2022-05-01,0.5487465181058496,
 Gwer East ,April,2022,1003,1000,570,2.0,2.0,04,2022-04-01,0.57,1.0
 Gwer East ,April,2023,4552,4552,3014,0.0,0.0,04,2023-04-01,0.6621265377855887,
 Gwer East ,March,2023,6488,6480,5303,0.0,0.0,03,2023-03-01,0.8183641975308642,
 Gwer East ,June,2023,6262,6252,5214,0.0,0.0,06,2023-06-01,0.8339731285988484,
 Gwer East ,May,2023,6640,6640,5780,0.0,0.0,05,2023-05-01,0.8704819277108434,
 Gwer East ,Novemr,2023,2428,2423,1163,0.0,0.0,,,0.47998349153941394,
 Gwer East ,January,2023,6228,6228,4959,480.0,0.0,01,2023-01-01,0.796242774566474,0.0
 Gwer East ,September,2023,6700,6700,5702,0.0,0.0,09,2023-09-01,0.851044776119403,
 Gwer East ,July,2023,4884,4884,4019,38.0,30.0,07,2023-07-01,0.8228910728910729,0.7894736842105263
 Gwer East ,August,2023,5280,5215,4157,0.0,0.0,08,2023-08-01,0.7971236816874401,
 Gwer East ,October,2023,5775,5763,5005,0.0,0.0,10,2023-10-01,0.868471282318237,
 Gwer East ,December,2023,1690,1690,874,0.0,0.0,12,2023-12-01,0.5171597633136095,
 Gwer East ,February,2023,11629,11629,9929,0.0,0.0,02,2023-02-01,0.8538137415082983,
 Gwer East ,August,2024,3874,3614,2466,114.0,67.0,08,2024-08-01,0.6823464305478694,0.5877192982456141
 Gwer East ,June,2024,2771,2771,1767,0.0,0.0,06,2024-06-01,0.6376759292674125,
 Gwer East ,April,2024,2617,2317,1701,85.0,39.0,04,2024-04-01,0.7341389728096677,0.4588235294117647
 Gwer East ,March,2024,2702,2447,1995,179.0,139.0,03,2024-03-01,0.8152840212505108,0.776536312849162
 Gwer East ,July,2024,3016,2833,2105,143.0,55.0,07,2024-07-01,0.7430285915990117,0.38461538461538464
 Gwer East ,Novemr,2024,2084,1834,1336,159.0,96.0,,,0.7284623773173392,0.6037735849056604
 Gwer East ,February,2024,1933,1729,1410,88.0,88.0,02,2024-02-01,0.8155002891844997,1.0
 Gwer East ,May,2024,2363,2356,1455,0.0,0.0,05,2024-05-01,0.6175721561969439,
 Gwer East ,September,2024,2941,2922,1938,0.0,0.0,09,2024-09-01,0.6632443531827515,
 Gwer East ,January,2024,2492,2492,1666,0.0,0.0,01,2024-01-01,0.6685393258426966,
 Gwer East ,December,2024,2338,2218,1556,92.0,45.0,12,2024-12-01,0.7015329125338142,0.4891304347826087
 Gwer East ,October,2024,1874,1770,1046,114.0,55.0,10,2024-10-01,0.5909604519774011,0.4824561403508772
 Gwer West ,February,2021,1187,1160,899,23.0,23.0,02,2021-02-01,0.775,1.0
 Gwer West ,September,2021,900,893,558,0.0,0.0,09,2021-09-01,0.6248600223964166,
 Gwer West ,July,2021,1064,1064,640,0.0,0.0,07,2021-07-01,0.6015037593984962,
 Gwer West ,May,2021,1989,1919,1433,67.0,67.0,05,2021-05-01,0.7467430953621678,1.0
 Gwer West ,August,2021,896,851,573,13.0,13.0,08,2021-08-01,0.6733254994124559,1.0
 Gwer West ,April,2021,1122,1119,854,15.0,15.0,04,2021-04-01,0.7631814119749777,1.0
 Gwer West ,January,2021,401,327,256,26.0,17.0,01,2021-01-01,0.7828746177370031,0.6538461538461539
 Gwer West ,Novemr,2021,548,486,267,35.0,51.0,,,0.5493827160493827,1.457142857142857
 Gwer West ,March,2021,1027,1027,661,0.0,0.0,03,2021-03-01,0.6436222005842259,
 Gwer West ,June,2021,1493,1482,1046,0.0,0.0,06,2021-06-01,0.7058029689608637,
 Gwer West ,December,2021,1594,1565,1169,55.0,0.0,12,2021-12-01,0.746964856230032,0.0
 Gwer West ,October,2021,907,856,665,23.0,23.0,10,2021-10-01,0.7768691588785047,1.0
 Gwer West ,April,2022,1450,1450,1032,0.0,0.0,04,2022-04-01,0.7117241379310345,
 Gwer West ,Novemr,2022,1469,1469,1053,10.0,0.0,,,0.7168141592920354,0.0
 Gwer West ,January,2022,1206,1206,737,0.0,0.0,01,2022-01-01,0.6111111111111112,
 Gwer West ,August,2022,1085,1120,576,1.0,1.0,08,2022-08-01,0.5142857142857142,1.0
 Gwer West ,June,2022,392,379,283,2.0,11.0,06,2022-06-01,0.7467018469656992,5.5
 Gwer West ,May,2022,836,836,605,0.0,0.0,05,2022-05-01,0.7236842105263158,
 Gwer West ,July,2022,645,644,469,0.0,0.0,07,2022-07-01,0.7282608695652174,
 Gwer West ,September,2022,1447,1451,1223,0.0,0.0,09,2022-09-01,0.8428669882839421,
 Gwer West ,December,2022,1613,1582,1085,0.0,0.0,12,2022-12-01,0.6858407079646017,
 Gwer West ,October,2022,1154,1149,797,0.0,0.0,10,2022-10-01,0.6936466492602262,
 Gwer West ,February,2022,2368,2368,1683,0.0,0.0,02,2022-02-01,0.7107263513513513,
 Gwer West ,March,2022,1438,1436,890,0.0,0.0,03,2022-03-01,0.6197771587743732,
 Gwer West ,June,2023,2808,2806,1655,0.0,0.0,06,2023-06-01,0.589807555238774,
 Gwer West ,May,2023,2794,2794,1930,0.0,0.0,05,2023-05-01,0.6907659269863994,
 Gwer West ,March,2023,5449,5448,4498,0.0,0.0,03,2023-03-01,0.8256240822320118,
 Gwer West ,April,2023,6207,6207,5282,0.0,0.0,04,2023-04-01,0.8509747059771227,
 Gwer West ,Novemr,2023,5137,4926,3995,25.0,2.0,,,0.8110028420625254,0.08
 Gwer West ,October,2023,4385,4384,3697,6.0,0.0,10,2023-10-01,0.8432937956204379,0.0
 Gwer West ,February,2023,2266,2266,1424,0.0,0.0,02,2023-02-01,0.6284201235657546,
 Gwer West ,September,2023,2442,2442,1484,0.0,0.0,09,2023-09-01,0.6076986076986077,
 Gwer West ,August,2023,7963,7963,6953,0.0,0.0,08,2023-08-01,0.8731633806354389,
 Gwer West ,January,2023,3143,3143,2117,0.0,0.0,01,2023-01-01,0.6735602927139676,
 Gwer West ,July,2023,7270,7349,6133,0.0,0.0,07,2023-07-01,0.8345353109266567,
 Gwer West ,December,2023,3464,3430,2445,101.0,0.0,12,2023-12-01,0.7128279883381924,0.0
 Gwer West ,March,2024,298,291,121,0.0,0.0,03,2024-03-01,0.41580756013745707,
 Gwer West ,April,2024,1276,1204,202,87.0,57.0,04,2024-04-01,0.16777408637873753,0.6551724137931034
 Gwer West ,June,2024,485,422,108,64.0,48.0,06,2024-06-01,0.2559241706161137,0.75
 Gwer West ,August,2024,660,604,389,50.0,47.0,08,2024-08-01,0.6440397350993378,0.94
 Gwer West ,February,2024,753,663,307,63.0,62.0,02,2024-02-01,0.46304675716440424,0.9841269841269841
 Gwer West ,October,2024,1408,1360,488,48.0,37.0,10,2024-10-01,0.3588235294117647,0.7708333333333334
 Gwer West ,December,2024,1287,1238,568,52.0,49.0,12,2024-12-01,0.4588045234248788,0.9423076923076923
 Gwer West ,May,2024,422,313,178,121.0,52.0,05,2024-05-01,0.5686900958466453,0.4297520661157025
 Gwer West ,September,2024,465,460,188,16.0,8.0,09,2024-09-01,0.40869565217391307,0.5
 Gwer West ,January,2024,1312,1128,647,90.0,71.0,01,2024-01-01,0.5735815602836879,0.7888888888888889
 Gwer West ,July,2024,1671,1594,919,73.0,66.0,07,2024-07-01,0.5765370138017566,0.9041095890410958
 Gwer West ,Novemr,2024,828,678,217,13.0,53.0,,,0.3200589970501475,4.076923076923077
 Katsina-Ala ,May,2021,1087,1087,1008,11.0,0.0,05,2021-05-01,0.9273229070837167,0.0
 Katsina-Ala ,September,2021,670,664,616,26.0,1.0,09,2021-09-01,0.927710843373494,0.038461538461538464
 Katsina-Ala ,July,2021,1244,1234,908,0.0,0.0,07,2021-07-01,0.7358184764991896,
 Katsina-Ala ,August,2021,1325,1323,1011,0.0,0.0,08,2021-08-01,0.764172335600907,
 Katsina-Ala ,Novemr,2021,754,784,687,0.0,0.0,,,0.8762755102040817,
 Katsina-Ala ,January,2021,1037,1037,667,0.0,0.0,01,2021-01-01,0.6432015429122468,
 Katsina-Ala ,December,2021,1585,1585,1175,0.0,0.0,12,2021-12-01,0.7413249211356467,
 Katsina-Ala ,February,2021,832,832,545,0.0,0.0,02,2021-02-01,0.6550480769230769,
 Katsina-Ala ,June,2021,1140,1140,879,0.0,0.0,06,2021-06-01,0.7710526315789473,
 Katsina-Ala ,April,2021,227,233,238,0.0,0.0,04,2021-04-01,1.0214592274678111,
 Katsina-Ala ,March,2021,1043,1040,707,13.0,5.0,03,2021-03-01,0.6798076923076923,0.38461538461538464
 Katsina-Ala ,October,2021,754,743,488,0.0,0.0,10,2021-10-01,0.6567967698519516,
 Katsina-Ala ,July,2022,249,222,70,2.0,2.0,07,2022-07-01,0.3153153153153153,1.0
 Katsina-Ala ,September,2022,789,777,493,0.0,0.0,09,2022-09-01,0.6344916344916345,
 Katsina-Ala ,April,2022,1278,1278,897,0.0,0.0,04,2022-04-01,0.7018779342723005,
 Katsina-Ala ,June,2022,2026,1937,1241,0.0,0.0,06,2022-06-01,0.6406814661848219,
 Katsina-Ala ,March,2022,438,407,268,0.0,0.0,03,2022-03-01,0.6584766584766585,
 Katsina-Ala ,February,2022,1564,1555,1023,18.0,0.0,02,2022-02-01,0.6578778135048231,0.0
 Katsina-Ala ,December,2022,1095,1094,652,0.0,0.0,12,2022-12-01,0.5959780621572212,
 Katsina-Ala ,May,2022,843,843,624,1.0,0.0,05,2022-05-01,0.7402135231316725,0.0
 Katsina-Ala ,October,2022,522,510,395,5.0,7.0,10,2022-10-01,0.7745098039215687,1.4
 Katsina-Ala ,January,2022,853,868,720,0.0,0.0,01,2022-01-01,0.8294930875576036,
 Katsina-Ala ,August,2022,332,331,249,2.0,2.0,08,2022-08-01,0.7522658610271903,1.0
 Katsina-Ala ,Novemr,2022,1417,1418,1055,0.0,0.0,,,0.7440056417489421,
 Katsina-Ala ,April,2023,6696,6697,5742,0.0,0.0,04,2023-04-01,0.8573988352993878,
 Katsina-Ala ,January,2023,2129,2081,1242,0.0,0.0,01,2023-01-01,0.596828447861605,
 Katsina-Ala ,August,2023,2840,2830,1876,0.0,0.0,08,2023-08-01,0.6628975265017668,
 Katsina-Ala ,February,2023,3121,3121,2498,0.0,0.0,02,2023-02-01,0.8003844921499519,
 Katsina-Ala ,December,2023,2994,2994,2332,0.0,0.0,12,2023-12-01,0.7788911155644622,
 Katsina-Ala ,September,2023,8430,8430,6930,0.0,0.0,09,2023-09-01,0.8220640569395018,
 Katsina-Ala ,July,2023,10690,10690,9399,0.0,0.0,07,2023-07-01,0.8792329279700655,
 Katsina-Ala ,Novemr,2023,4339,4339,3545,0.0,0.0,,,0.8170085273104402,
 Katsina-Ala ,October,2023,9727,9719,8108,0.0,0.0,10,2023-10-01,0.8342422059882704,
 Katsina-Ala ,May,2023,8909,8909,7233,0.0,0.0,05,2023-05-01,0.8118756313839938,
 Katsina-Ala ,June,2023,1515,1552,860,0.0,0.0,06,2023-06-01,0.5541237113402062,
 Katsina-Ala ,March,2023,10203,10194,8617,0.0,0.0,03,2023-03-01,0.8453011575436531,
 Katsina-Ala ,April,2024,1216,1155,613,60.0,49.0,04,2024-04-01,0.5307359307359307,0.8166666666666667
 Katsina-Ala ,June,2024,1524,1465,692,58.0,53.0,06,2024-06-01,0.47235494880546075,0.9137931034482759
 Katsina-Ala ,March,2024,2128,2049,694,75.0,59.0,03,2024-03-01,0.3387018057589068,0.7866666666666666
 Katsina-Ala ,October,2024,1481,1422,597,52.0,44.0,10,2024-10-01,0.41983122362869196,0.8461538461538461
 Katsina-Ala ,August,2024,547,439,132,50.0,40.0,08,2024-08-01,0.30068337129840544,0.8
 Katsina-Ala ,January,2024,237,237,105,0.0,0.0,01,2024-01-01,0.4430379746835443,
 Katsina-Ala ,May,2024,979,746,361,148.0,128.0,05,2024-05-01,0.4839142091152815,0.8648648648648649
 Katsina-Ala ,December,2024,1783,1685,803,94.0,61.0,12,2024-12-01,0.47655786350148366,0.648936170212766
 Katsina-Ala ,Novemr,2024,834,764,488,48.0,46.0,,,0.6387434554973822,0.9583333333333334
 Katsina-Ala ,February,2024,1938,1867,925,81.0,59.0,02,2024-02-01,0.49544724156400644,0.7283950617283951
 Katsina-Ala ,July,2024,830,764,262,66.0,62.0,07,2024-07-01,0.34293193717277487,0.9393939393939394
 Katsina-Ala ,September,2024,649,546,202,78.0,33.0,09,2024-09-01,0.36996336996337,0.4230769230769231
 Konshisha ,May,2021,1009,1009,700,0.0,0.0,05,2021-05-01,0.6937561942517344,
 Konshisha ,Novemr,2021,677,677,469,0.0,0.0,,,0.6927621861152142,
 Konshisha ,February,2021,916,916,625,0.0,0.0,02,2021-02-01,0.6823144104803494,
 Konshisha ,January,2021,1217,1217,854,0.0,0.0,01,2021-01-01,0.7017255546425637,
 Konshisha ,July,2021,539,539,379,0.0,0.0,07,2021-07-01,0.7031539888682746,
 Konshisha ,August,2021,945,935,644,0.0,0.0,08,2021-08-01,0.6887700534759358,
 Konshisha ,September,2021,692,692,553,0.0,0.0,09,2021-09-01,0.7991329479768786,
 Konshisha ,March,2021,1007,1007,710,0.0,0.0,03,2021-03-01,0.70506454816286,
 Konshisha ,April,2021,781,774,645,9.0,0.0,04,2021-04-01,0.8333333333333334,0.0
 Konshisha ,June,2021,790,790,542,0.0,0.0,06,2021-06-01,0.6860759493670886,
 Konshisha ,October,2021,1053,1052,623,8.0,3.0,10,2021-10-01,0.5922053231939164,0.375
 Konshisha ,December,2021,347,337,284,1.0,0.0,12,2021-12-01,0.8427299703264095,0.0
 Konshisha ,April,2022,624,541,316,51.0,51.0,04,2022-04-01,0.5841035120147874,1.0
 Konshisha ,Novemr,2022,1153,1138,464,15.0,15.0,,,0.4077328646748682,1.0
 Konshisha ,October,2022,894,790,425,45.0,37.0,10,2022-10-01,0.5379746835443038,0.8222222222222222
 Konshisha ,August,2022,1364,1219,742,103.0,97.0,08,2022-08-01,0.6086956521739131,0.941747572815534
 Konshisha ,January,2022,1058,922,622,87.0,78.0,01,2022-01-01,0.6746203904555315,0.896551724137931
 Konshisha ,June,2022,1251,1101,794,88.0,78.0,06,2022-06-01,0.7211625794732062,0.8863636363636364
 Konshisha ,May,2022,1163,1045,620,0.0,0.0,05,2022-05-01,0.5933014354066986,
 Konshisha ,February,2022,1012,1012,466,1.0,0.0,02,2022-02-01,0.46047430830039526,0.0
 Konshisha ,March,2022,1255,1135,719,89.0,52.0,03,2022-03-01,0.6334801762114537,0.5842696629213483
 Konshisha ,December,2022,1234,1206,529,28.0,23.0,12,2022-12-01,0.4386401326699834,0.8214285714285714
 Konshisha ,July,2022,1341,1332,948,0.0,0.0,07,2022-07-01,0.7117117117117117,
 Konshisha ,September,2022,781,735,418,37.0,34.0,09,2022-09-01,0.5687074829931973,0.918918918918919
 Konshisha ,March,2023,4955,5108,4156,0.0,0.0,03,2023-03-01,0.8136256851996868,
 Konshisha ,April,2023,8574,8574,7290,26.0,26.0,04,2023-04-01,0.8502449265220434,1.0
 Konshisha ,June,2023,4435,4038,3876,0.0,0.0,06,2023-06-01,0.9598811292719168,
 Konshisha ,May,2023,1922,1922,1547,0.0,0.0,05,2023-05-01,0.8048907388137357,
 Konshisha ,October,2023,3878,3878,3411,0.0,0.0,10,2023-10-01,0.8795771015987622,
 Konshisha ,January,2023,3515,3515,2445,0.0,0.0,01,2023-01-01,0.6955903271692745,
 Konshisha ,July,2023,3239,3239,2805,0.0,0.0,07,2023-07-01,0.8660080271688793,
 Konshisha ,August,2023,2502,2502,1689,0.0,0.0,08,2023-08-01,0.6750599520383693,
 Konshisha ,Novemr,2023,2881,2881,1989,0.0,0.0,,,0.6903852828878861,
 Konshisha ,February,2023,9440,9340,7827,0.0,0.0,02,2023-02-01,0.8380085653104925,
 Konshisha ,September,2023,6404,6404,5447,0.0,0.0,09,2023-09-01,0.8505621486570893,
 Konshisha ,December,2023,3299,3058,2057,9.0,0.0,12,2023-12-01,0.6726618705035972,0.0
 Konshisha ,March,2024,877,830,156,43.0,34.0,03,2024-03-01,0.18795180722891566,0.7906976744186046
 Konshisha ,June,2024,498,490,163,0.0,0.0,06,2024-06-01,0.3326530612244898,
 Konshisha ,April,2024,892,779,485,67.0,47.0,04,2024-04-01,0.6225930680359435,0.7014925373134329
 Konshisha ,Novemr,2024,758,660,409,67.0,45.0,,,0.6196969696969697,0.6716417910447762
 Konshisha ,February,2024,1282,1120,636,87.0,73.0,02,2024-02-01,0.5678571428571428,0.8390804597701149
 Konshisha ,December,2024,723,587,156,111.0,53.0,12,2024-12-01,0.2657580919931857,0.4774774774774775
 Konshisha ,July,2024,811,739,253,70.0,61.0,07,2024-07-01,0.3423545331529093,0.8714285714285714
 Konshisha ,September,2024,1126,1055,472,71.0,57.0,09,2024-09-01,0.44739336492890996,0.8028169014084507
 Konshisha ,May,2024,345,283,86,56.0,43.0,05,2024-05-01,0.303886925795053,0.7678571428571429
 Konshisha ,October,2024,595,518,328,62.0,55.0,10,2024-10-01,0.6332046332046332,0.8870967741935484
 Konshisha ,January,2024,1128,1063,493,66.0,61.0,01,2024-01-01,0.46378174976481656,0.9242424242424242
 Konshisha ,August,2024,1612,1545,935,67.0,47.0,08,2024-08-01,0.6051779935275081,0.7014925373134329
 Kwande ,May,2021,939,892,791,0.0,0.0,05,2021-05-01,0.8867713004484304,
 Kwande ,February,2021,1278,1277,859,8.0,2.0,02,2021-02-01,0.6726703210649961,0.25
 Kwande ,September,2021,749,705,566,0.0,0.0,09,2021-09-01,0.8028368794326242,
 Kwande ,Novemr,2021,1024,1016,589,0.0,0.0,,,0.5797244094488189,
 Kwande ,July,2021,402,402,395,52.0,0.0,07,2021-07-01,0.9825870646766169,0.0
 Kwande ,August,2021,1046,1040,888,4.0,0.0,08,2021-08-01,0.8538461538461538,0.0
 Kwande ,December,2021,1201,1201,789,0.0,0.0,12,2021-12-01,0.6569525395503747,
 Kwande ,January,2021,1034,1034,678,0.0,0.0,01,2021-01-01,0.655705996131528,
 Kwande ,June,2021,1539,1538,1133,0.0,0.0,06,2021-06-01,0.7366710013003901,
 Kwande ,March,2021,967,967,601,0.0,0.0,03,2021-03-01,0.6215098241985523,
 Kwande ,October,2021,184,184,124,0.0,0.0,10,2021-10-01,0.6739130434782609,
 Kwande ,April,2021,1064,1061,719,0.0,0.0,04,2021-04-01,0.6776625824693685,
 Kwande ,September,2022,1565,1520,1020,28.0,24.0,09,2022-09-01,0.6710526315789473,0.8571428571428571
 Kwande ,April,2022,1350,1333,698,17.0,16.0,04,2022-04-01,0.5236309077269318,0.9411764705882353
 Kwande ,July,2022,951,793,445,68.0,64.0,07,2022-07-01,0.5611601513240857,0.9411764705882353
 Kwande ,June,2022,1135,1034,672,29.0,27.0,06,2022-06-01,0.6499032882011605,0.9310344827586207
 Kwande ,May,2022,1680,1657,1153,23.0,21.0,05,2022-05-01,0.695835847917924,0.9130434782608695
 Kwande ,February,2022,1469,1365,890,63.0,53.0,02,2022-02-01,0.652014652014652,0.8412698412698413
 Kwande ,December,2022,1407,1397,834,3.0,3.0,12,2022-12-01,0.5969935576234788,1.0
 Kwande ,March,2022,1398,1382,862,16.0,12.0,03,2022-03-01,0.6237337192474675,0.75
 Kwande ,October,2022,1179,1058,640,102.0,86.0,10,2022-10-01,0.6049149338374291,0.8431372549019608
 Kwande ,January,2022,1169,923,543,76.0,64.0,01,2022-01-01,0.5882990249187432,0.8421052631578947
 Kwande ,Novemr,2022,1034,867,567,73.0,74.0,,,0.6539792387543253,1.0136986301369864
 Kwande ,August,2022,1341,1297,881,21.0,18.0,08,2022-08-01,0.6792598303777949,0.8571428571428571
 Kwande ,April,2023,583,591,525,74.0,0.0,04,2023-04-01,0.8883248730964467,0.0
 Kwande ,June,2023,851,799,609,0.0,0.0,06,2023-06-01,0.7622027534418022,
 Kwande ,January,2023,1069,1068,722,0.0,0.0,01,2023-01-01,0.6760299625468165,
 Kwande ,February,2023,1047,1047,715,0.0,0.0,02,2023-02-01,0.6829035339063992,
 Kwande ,December,2023,1405,1228,944,0.0,0.0,12,2023-12-01,0.7687296416938111,
 Kwande ,September,2023,1239,1118,788,0.0,0.0,09,2023-09-01,0.7048300536672629,
 Kwande ,August,2023,1099,1099,795,0.0,0.0,08,2023-08-01,0.7233848953594176,
 Kwande ,July,2023,289,272,229,2.0,0.0,07,2023-07-01,0.8419117647058824,0.0
 Kwande ,October,2023,557,537,454,0.0,0.0,10,2023-10-01,0.845437616387337,
 Kwande ,May,2023,85,76,54,0.0,0.0,05,2023-05-01,0.7105263157894737,
 Kwande ,Novemr,2023,841,836,568,0.0,0.0,,,0.6794258373205742,
 Kwande ,March,2023,122,118,104,0.0,0.0,03,2023-03-01,0.8813559322033898,
 Kwande ,April,2024,1394,1328,626,52.0,41.0,04,2024-04-01,0.4713855421686747,0.7884615384615384
 Kwande ,June,2024,958,859,232,99.0,70.0,06,2024-06-01,0.270081490104773,0.7070707070707071
 Kwande ,March,2024,711,595,276,83.0,78.0,03,2024-03-01,0.4638655462184874,0.9397590361445783
 Kwande ,October,2024,1205,1143,536,62.0,61.0,10,2024-10-01,0.4689413823272091,0.9838709677419355
 Kwande ,January,2024,865,688,336,128.0,68.0,01,2024-01-01,0.4883720930232558,0.53125
 Kwande ,August,2024,729,616,292,64.0,58.0,08,2024-08-01,0.474025974025974,0.90625
 Kwande ,December,2024,1152,1023,442,126.0,115.0,12,2024-12-01,0.43206256109481916,0.9126984126984127
 Kwande ,Novemr,2024,949,893,287,60.0,42.0,,,0.3213885778275476,0.7
 Kwande ,May,2024,780,659,319,25.0,6.0,05,2024-05-01,0.48406676783004554,0.24
 Kwande ,September,2024,673,618,158,55.0,38.0,09,2024-09-01,0.255663430420712,0.6909090909090909
 Kwande ,July,2024,708,637,242,78.0,63.0,07,2024-07-01,0.37990580847723704,0.8076923076923077
 Kwande ,February,2024,787,703,165,84.0,54.0,02,2024-02-01,0.23470839260312945,0.6428571428571429
 Logo ,December,2021,1238,1236,841,0.0,0.0,12,2021-12-01,0.68042071197411,
 Logo ,February,2021,1253,1253,855,0.0,0.0,02,2021-02-01,0.6823623304070231,
 Logo ,May,2021,1166,1164,827,0.0,0.0,05,2021-05-01,0.7104810996563574,
 Logo ,August,2021,1269,1269,827,11.0,0.0,08,2021-08-01,0.6516942474389283,0.0
 Logo ,July,2021,1018,1018,726,0.0,0.0,07,2021-07-01,0.7131630648330058,
 Logo ,September,2021,856,852,526,0.0,0.0,09,2021-09-01,0.6173708920187794,
 Logo ,January,2021,711,702,591,8.0,0.0,01,2021-01-01,0.8418803418803419,0.0
 Logo ,Novemr,2021,972,972,692,0.0,0.0,,,0.7119341563786008,
 Logo ,March,2021,1003,998,639,4.0,2.0,03,2021-03-01,0.6402805611222445,0.5
 Logo ,April,2021,1073,1073,725,0.0,0.0,04,2021-04-01,0.6756756756756757,
 Logo ,June,2021,1368,1364,1017,0.0,0.0,06,2021-06-01,0.7456011730205279,
 Logo ,October,2021,1050,1050,687,0.0,0.0,10,2021-10-01,0.6542857142857142,
 Logo ,April,2022,984,927,431,30.0,27.0,04,2022-04-01,0.46494066882416396,0.9
 Logo ,August,2022,623,552,322,50.0,46.0,08,2022-08-01,0.5833333333333334,0.92
 Logo ,October,2022,1044,873,499,130.0,105.0,10,2022-10-01,0.5715922107674685,0.8076923076923077
 Logo ,January,2022,982,982,375,0.0,0.0,01,2022-01-01,0.3818737270875764,
 Logo ,Novemr,2022,1183,1088,647,79.0,61.0,,,0.5946691176470589,0.7721518987341772
 Logo ,February,2022,1126,1032,623,75.0,40.0,02,2022-02-01,0.6036821705426356,0.5333333333333333
 Logo ,September,2022,1400,1275,853,75.0,62.0,09,2022-09-01,0.6690196078431373,0.8266666666666667
 Logo ,July,2022,1057,1039,505,18.0,16.0,07,2022-07-01,0.48604427333974976,0.8888888888888888
 Logo ,May,2022,1376,1333,902,38.0,35.0,05,2022-05-01,0.6766691672918229,0.9210526315789473
 Logo ,June,2022,1155,1025,690,25.0,20.0,06,2022-06-01,0.6731707317073171,0.8
 Logo ,December,2022,1200,1140,804,38.0,38.0,12,2022-12-01,0.7052631578947368,1.0
 Logo ,March,2022,1067,979,643,40.0,30.0,03,2022-03-01,0.6567926455566905,0.75
 Logo ,October,2023,382,379,290,0.0,0.0,10,2023-10-01,0.7651715039577837,
 Logo ,March,2023,476,476,376,0.0,0.0,03,2023-03-01,0.7899159663865546,
 Logo ,April,2023,728,724,656,1.0,0.0,04,2023-04-01,0.9060773480662984,0.0
 Logo ,February,2023,702,692,583,0.0,0.0,02,2023-02-01,0.8424855491329479,
 Logo ,Novemr,2023,941,892,675,0.0,0.0,,,0.7567264573991032,
 Logo ,July,2023,243,243,212,0.0,0.0,07,2023-07-01,0.8724279835390947,
 Logo ,January,2023,292,292,224,0.0,0.0,01,2023-01-01,0.7671232876712328,
 Logo ,September,2023,1054,933,638,0.0,0.0,09,2023-09-01,0.6838156484458735,
 Logo ,August,2023,706,706,484,0.0,0.0,08,2023-08-01,0.6855524079320113,
 Logo ,December,2023,894,894,692,0.0,0.0,12,2023-12-01,0.7740492170022372,
 Logo ,May,2023,1383,1383,1109,0.0,0.0,05,2023-05-01,0.8018799710773681,
 Logo ,June,2023,1145,1145,876,0.0,0.0,06,2023-06-01,0.7650655021834061,
 Logo ,February,2024,330,330,206,0.0,0.0,02,2024-02-01,0.6242424242424243,
 Logo ,Novemr,2024,899,899,365,0.0,0.0,,,0.40600667408231367,
 Logo ,July,2024,1381,1371,767,10.0,5.0,07,2024-07-01,0.5594456601021153,0.5
 Logo ,September,2024,1394,1394,574,0.0,0.0,09,2024-09-01,0.4117647058823529,
 Logo ,May,2024,2113,1881,1309,129.0,103.0,05,2024-05-01,0.695906432748538,0.7984496124031008
 Logo ,January,2024,693,568,351,57.0,43.0,01,2024-01-01,0.6179577464788732,0.7543859649122807
 Logo ,December,2024,2141,2022,1146,83.0,54.0,12,2024-12-01,0.5667655786350149,0.6506024096385542
 Logo ,October,2024,1486,1478,854,39.0,22.0,10,2024-10-01,0.577807848443843,0.5641025641025641
 Logo ,August,2024,1585,1530,835,54.0,36.0,08,2024-08-01,0.545751633986928,0.6666666666666666
 Logo ,March,2024,823,668,484,155.0,101.0,03,2024-03-01,0.7245508982035929,0.6516129032258065
 Logo ,April,2024,2134,2089,1464,46.0,36.0,04,2024-04-01,0.700813786500718,0.782608695652174
 Logo ,June,2024,1747,1091,650,22.0,20.0,06,2024-06-01,0.5957836846929423,0.9090909090909091
 Makurdi ,January,2021,1872,1865,1032,0.0,0.0,01,2021-01-01,0.5533512064343163,
 Makurdi ,April,2021,2023,1999,1205,0.0,0.0,04,2021-04-01,0.6028014007003502,
 Makurdi ,June,2021,1369,1358,830,0.0,0.0,06,2021-06-01,0.6111929307805597,
 Makurdi ,October,2021,1550,1505,786,0.0,0.0,10,2021-10-01,0.5222591362126245,
 Makurdi ,December,2021,2576,2564,1524,0.0,0.0,12,2021-12-01,0.594383775351014,
 Makurdi ,March,2021,1805,1798,1112,0.0,0.0,03,2021-03-01,0.6184649610678532,
 Makurdi ,February,2021,1225,1203,803,5.0,0.0,02,2021-02-01,0.6674979218620116,0.0
 Makurdi ,May,2021,1575,1531,798,0.0,0.0,05,2021-05-01,0.5212279555845852,
 Makurdi ,August,2021,1790,1788,921,0.0,0.0,08,2021-08-01,0.5151006711409396,
 Makurdi ,July,2021,1863,1842,1082,0.0,0.0,07,2021-07-01,0.5874049945711184,
 Makurdi ,Novemr,2021,2205,1907,1098,0.0,0.0,,,0.5757734661772418,
 Makurdi ,September,2021,1458,1444,601,0.0,0.0,09,2021-09-01,0.4162049861495845,
 Makurdi ,October,2022,954,898,506,34.0,30.0,10,2022-10-01,0.5634743875278396,0.8823529411764706
 Makurdi ,Novemr,2022,1309,1305,785,0.0,0.0,,,0.6015325670498084,
 Makurdi ,April,2022,1603,1554,1110,36.0,30.0,04,2022-04-01,0.7142857142857143,0.8333333333333334
 Makurdi ,August,2022,1557,1524,793,28.0,24.0,08,2022-08-01,0.5203412073490814,0.8571428571428571
 Makurdi ,January,2022,1262,1231,624,31.0,22.0,01,2022-01-01,0.5069049553208773,0.7096774193548387
 Makurdi ,March,2022,1297,1244,771,53.0,40.0,03,2022-03-01,0.6197749196141479,0.7547169811320755
 Makurdi ,May,2022,1399,1355,853,44.0,44.0,05,2022-05-01,0.629520295202952,1.0
 Makurdi ,June,2022,1115,1088,651,27.0,21.0,06,2022-06-01,0.5983455882352942,0.7777777777777778
 Makurdi ,December,2022,1745,1666,1177,38.0,36.0,12,2022-12-01,0.7064825930372148,0.9473684210526315
 Makurdi ,February,2022,1161,1122,710,51.0,44.0,02,2022-02-01,0.6327985739750446,0.8627450980392157
 Makurdi ,September,2022,1078,1000,719,66.0,42.0,09,2022-09-01,0.719,0.6363636363636364
 Makurdi ,July,2022,789,704,353,63.0,43.0,07,2022-07-01,0.5014204545454546,0.6825396825396826
 Makurdi ,May,2023,880,877,642,0.0,0.0,05,2023-05-01,0.7320410490307868,
 Makurdi ,December,2023,447,445,336,0.0,0.0,12,2023-12-01,0.755056179775281,
 Makurdi ,March,2023,188,188,121,0.0,0.0,03,2023-03-01,0.6436170212765957,
 Makurdi ,April,2023,980,977,685,0.0,0.0,04,2023-04-01,0.7011258955987717,
 Makurdi ,June,2023,874,873,642,0.0,0.0,06,2023-06-01,0.7353951890034365,
 Makurdi ,July,2023,237,232,203,0.0,2.0,07,2023-07-01,0.875,
 Makurdi ,September,2023,910,833,593,0.0,0.0,09,2023-09-01,0.7118847539015606,
 Makurdi ,August,2023,637,638,540,0.0,0.0,08,2023-08-01,0.8463949843260188,
 Makurdi ,February,2023,834,833,643,0.0,0.0,02,2023-02-01,0.7719087635054022,
 Makurdi ,Novemr,2023,873,855,629,0.0,0.0,,,0.735672514619883,
 Makurdi ,October,2023,764,661,500,0.0,1.0,10,2023-10-01,0.75642965204236,
 Makurdi ,January,2023,536,552,477,6.0,0.0,01,2023-01-01,0.8641304347826086,0.0
 Makurdi ,August,2024,1531,1387,968,137.0,92.0,08,2024-08-01,0.6979091564527757,0.6715328467153284
 Makurdi ,October,2024,959,842,509,106.0,88.0,10,2024-10-01,0.6045130641330166,0.8301886792452831
 Makurdi ,June,2024,1120,869,568,261.0,213.0,06,2024-06-01,0.6536248561565017,0.8160919540229885
 Makurdi ,March,2024,1600,1566,917,70.0,21.0,03,2024-03-01,0.5855683269476373,0.3
 Makurdi ,April,2024,1412,1411,817,0.0,0.0,04,2024-04-01,0.5790219702338767,
 Makurdi ,July,2024,1846,1763,1281,84.0,89.0,07,2024-07-01,0.7266023823028928,1.0595238095238095
 Makurdi ,Novemr,2024,2199,2198,880,0.0,0.0,,,0.40036396724294815,
 Makurdi ,May,2024,1707,1630,963,77.0,49.0,05,2024-05-01,0.59079754601227,0.6363636363636364
 Makurdi ,February,2024,1544,1525,922,16.0,10.0,02,2024-02-01,0.6045901639344262,0.625
 Makurdi ,September,2024,2030,1888,1276,52.0,45.0,09,2024-09-01,0.6758474576271186,0.8653846153846154
 Makurdi ,January,2024,2249,2201,1285,24.0,0.0,01,2024-01-01,0.5838255338482508,0.0
 Makurdi ,December,2024,2485,2405,1467,52.0,39.0,12,2024-12-01,0.60997920997921,0.75
 Obi ,December,2021,1225,1081,675,0.0,0.0,12,2021-12-01,0.6244218316373727,
 Obi ,October,2021,2791,2767,1324,1.0,1.0,10,2021-10-01,0.47849656667871343,1.0
 Obi ,June,2021,1018,996,774,0.0,0.0,06,2021-06-01,0.7771084337349398,
 Obi ,April,2021,1555,1265,860,0.0,0.0,04,2021-04-01,0.6798418972332015,
 Obi ,March,2021,1298,1298,527,0.0,0.0,03,2021-03-01,0.40600924499229585,
 Obi ,Novemr,2021,1522,1521,704,0.0,0.0,,,0.462853385930309,
 Obi ,September,2021,1660,1545,799,0.0,0.0,09,2021-09-01,0.5171521035598705,
 Obi ,January,2021,787,697,378,0.0,0.0,01,2021-01-01,0.5423242467718795,
 Obi ,July,2021,9622,1497,1155,0.0,0.0,07,2021-07-01,0.7715430861723447,
 Obi ,August,2021,1630,1612,878,15.0,10.0,08,2021-08-01,0.5446650124069479,0.6666666666666666
 Obi ,May,2021,1062,1038,514,0.0,0.0,05,2021-05-01,0.4951830443159923,
 Obi ,February,2021,645,629,276,0.0,0.0,02,2021-02-01,0.43879173290937995,
 Obi ,August,2022,617,616,260,0.0,0.0,08,2022-08-01,0.42207792207792205,
 Obi ,January,2022,329,329,99,0.0,0.0,01,2022-01-01,0.3009118541033435,
 Obi ,October,2022,863,858,402,4.0,4.0,10,2022-10-01,0.46853146853146854,1.0
 Obi ,Novemr,2022,805,805,365,0.0,0.0,,,0.453416149068323,
 Obi ,December,2022,706,705,242,0.0,0.0,12,2022-12-01,0.3432624113475177,
 Obi ,March,2022,260,260,183,0.0,0.0,03,2022-03-01,0.7038461538461539,
 Obi ,June,2022,519,515,232,0.0,0.0,06,2022-06-01,0.45048543689320386,
 Obi ,September,2022,656,556,373,28.0,22.0,09,2022-09-01,0.670863309352518,0.7857142857142857
 Obi ,February,2022,511,508,305,3.0,0.0,02,2022-02-01,0.6003937007874016,0.0
 Obi ,May,2022,476,426,223,0.0,0.0,05,2022-05-01,0.5234741784037559,
 Obi ,July,2022,865,825,377,0.0,0.0,07,2022-07-01,0.45696969696969697,
 Obi ,April,2022,501,501,244,15.0,0.0,04,2022-04-01,0.4870259481037924,0.0
 Obi ,January,2023,783,782,523,0.0,0.0,01,2023-01-01,0.6687979539641944,
 Obi ,October,2023,285,273,201,1.0,1.0,10,2023-10-01,0.7362637362637363,1.0
 Obi ,August,2023,959,958,653,0.0,0.0,08,2023-08-01,0.6816283924843424,
 Obi ,Novemr,2023,778,778,551,0.0,0.0,,,0.7082262210796915,
 Obi ,September,2023,870,870,588,0.0,0.0,09,2023-09-01,0.6758620689655173,
 Obi ,July,2023,936,933,693,0.0,0.0,07,2023-07-01,0.7427652733118971,
 Obi ,June,2023,1265,1264,1109,0.0,0.0,06,2023-06-01,0.877373417721519,
 Obi ,May,2023,131,134,121,0.0,0.0,05,2023-05-01,0.9029850746268657,
 Obi ,April,2023,146,328,239,0.0,0.0,04,2023-04-01,0.7286585365853658,
 Obi ,March,2023,329,319,271,0.0,0.0,03,2023-03-01,0.8495297805642633,
 Obi ,February,2023,449,470,366,0.0,0.0,02,2023-02-01,0.7787234042553192,
 Obi ,December,2023,499,498,422,0.0,0.0,12,2023-12-01,0.8473895582329317,
 Obi ,April,2024,3024,2990,2007,20.0,0.0,04,2024-04-01,0.67123745819398,0.0
 Obi ,May,2024,1927,1838,1207,0.0,0.0,05,2024-05-01,0.6566920565832427,
 Obi ,March,2024,2982,2767,1703,232.0,168.0,03,2024-03-01,0.6154680159016986,0.7241379310344828
 Obi ,September,2024,2185,2022,1375,174.0,153.0,09,2024-09-01,0.6800197823936697,0.8793103448275862
 Obi ,Novemr,2024,2799,2731,1659,59.0,38.0,,,0.6074697912852435,0.6440677966101694
 Obi ,July,2024,1201,1234,475,29.0,51.0,07,2024-07-01,0.38492706645056723,1.7586206896551724
 Obi ,February,2024,1113,1113,738,0.0,0.0,02,2024-02-01,0.6630727762803235,
 Obi ,December,2024,1229,1141,735,89.0,60.0,12,2024-12-01,0.6441717791411042,0.6741573033707865
 Obi ,October,2024,1780,1780,931,0.0,0.0,10,2024-10-01,0.5230337078651686,
 Obi ,June,2024,1633,1633,1027,0.0,0.0,06,2024-06-01,0.6289038579301899,
 Obi ,August,2024,793,743,582,49.0,35.0,08,2024-08-01,0.7833109017496636,0.7142857142857143
 Obi ,January,2024,1753,1662,1063,91.0,70.0,01,2024-01-01,0.6395908543922985,0.7692307692307693
 Ogbadibo ,September,2021,1366,1350,742,0.0,0.0,09,2021-09-01,0.5496296296296296,
 Ogbadibo ,August,2021,1601,1554,826,0.0,0.0,08,2021-08-01,0.5315315315315315,
 Ogbadibo ,July,2021,1974,1962,1240,0.0,0.0,07,2021-07-01,0.6320081549439348,
 Ogbadibo ,January,2021,1746,1718,900,0.0,0.0,01,2021-01-01,0.5238649592549476,
 Ogbadibo ,May,2021,1230,1184,759,0.0,1.0,05,2021-05-01,0.6410472972972973,
 Ogbadibo ,February,2021,1724,1717,1088,2.0,1.0,02,2021-02-01,0.6336633663366337,0.5
 Ogbadibo ,April,2021,2172,2154,1275,0.0,0.0,04,2021-04-01,0.5919220055710307,
 Ogbadibo ,March,2021,1757,1743,1077,0.0,0.0,03,2021-03-01,0.6179001721170396,
 Ogbadibo ,Novemr,2021,1623,1607,915,0.0,0.0,,,0.5693839452395768,
 Ogbadibo ,June,2021,2845,2766,1728,0.0,25.0,06,2021-06-01,0.6247288503253796,
 Ogbadibo ,December,2021,966,889,528,0.0,0.0,12,2021-12-01,0.59392575928009,
 Ogbadibo ,October,2021,385,370,135,0.0,0.0,10,2021-10-01,0.36486486486486486,
 Ogbadibo ,April,2022,657,657,353,0.0,0.0,04,2022-04-01,0.5372907153729072,
 Ogbadibo ,January,2022,789,784,400,0.0,0.0,01,2022-01-01,0.5102040816326531,
 Ogbadibo ,Novemr,2022,474,474,287,0.0,0.0,,,0.6054852320675106,
 Ogbadibo ,October,2022,560,696,542,0.0,0.0,10,2022-10-01,0.7787356321839081,
 Ogbadibo ,August,2022,1039,1039,710,1.0,0.0,08,2022-08-01,0.6833493743984601,0.0
 Ogbadibo ,May,2022,1178,1171,559,8.0,2.0,05,2022-05-01,0.47736976942783943,0.25
 Ogbadibo ,July,2022,691,692,298,0.0,0.0,07,2022-07-01,0.430635838150289,
 Ogbadibo ,September,2022,991,987,542,0.0,0.0,09,2022-09-01,0.5491388044579534,
 Ogbadibo ,December,2022,1110,1108,409,0.0,0.0,12,2022-12-01,0.36913357400722024,
 Ogbadibo ,March,2022,798,785,383,0.0,0.0,03,2022-03-01,0.4878980891719745,
 Ogbadibo ,June,2022,1380,1369,701,11.0,3.0,06,2022-06-01,0.5120525931336742,0.2727272727272727
 Ogbadibo ,February,2022,1325,1314,714,3.0,0.0,02,2022-02-01,0.54337899543379,0.0
 Ogbadibo ,March,2023,714,665,481,10.0,10.0,03,2023-03-01,0.7233082706766917,1.0
 Ogbadibo ,June,2023,280,280,219,0.0,0.0,06,2023-06-01,0.7821428571428571,
 Ogbadibo ,May,2023,235,235,194,0.0,0.0,05,2023-05-01,0.825531914893617,
 Ogbadibo ,April,2023,624,620,400,0.0,0.0,04,2023-04-01,0.6451612903225806,
 Ogbadibo ,October,2023,604,604,451,0.0,0.0,10,2023-10-01,0.7466887417218543,
 Ogbadibo ,January,2023,755,724,600,14.0,14.0,01,2023-01-01,0.8287292817679558,1.0
 Ogbadibo ,Novemr,2023,594,557,380,22.0,12.0,,,0.6822262118491921,0.5454545454545454
 Ogbadibo ,July,2023,372,373,251,0.0,0.0,07,2023-07-01,0.6729222520107239,
 Ogbadibo ,August,2023,756,702,516,14.0,13.0,08,2023-08-01,0.7350427350427351,0.9285714285714286
 Ogbadibo ,September,2023,410,410,320,0.0,0.0,09,2023-09-01,0.7804878048780488,
 Ogbadibo ,February,2023,757,721,527,15.0,14.0,02,2023-02-01,0.7309292649098474,0.9333333333333333
 Ogbadibo ,December,2023,873,826,616,33.0,23.0,12,2023-12-01,0.7457627118644068,0.696969696969697
 Ogbadibo ,June,2024,1818,1817,953,0.0,0.0,06,2024-06-01,0.5244909190974133,
 Ogbadibo ,March,2024,2262,2095,1411,172.0,131.0,03,2024-03-01,0.673508353221957,0.7616279069767442
 Ogbadibo ,April,2024,2911,2869,1721,57.0,0.0,04,2024-04-01,0.5998605785988149,0.0
 Ogbadibo ,August,2024,503,501,356,0.0,0.0,08,2024-08-01,0.7105788423153693,
 Ogbadibo ,December,2024,1275,1213,971,62.0,43.0,12,2024-12-01,0.8004946413849959,0.6935483870967742
 Ogbadibo ,February,2024,2078,1994,1391,84.0,79.0,02,2024-02-01,0.697592778335005,0.9404761904761905
 Ogbadibo ,October,2024,1782,1782,685,0.0,0.0,10,2024-10-01,0.38439955106621776,
 Ogbadibo ,May,2024,1588,1588,830,0.0,0.0,05,2024-05-01,0.5226700251889169,
 Ogbadibo ,July,2024,1465,1464,465,0.0,0.0,07,2024-07-01,0.3176229508196721,
 Ogbadibo ,September,2024,122,122,73,0.0,0.0,09,2024-09-01,0.5983606557377049,
 Ogbadibo ,January,2024,1083,1071,806,12.0,7.0,01,2024-01-01,0.7525676937441643,0.5833333333333334
 Ogbadibo ,Novemr,2024,623,671,251,50.0,38.0,,,0.3740685543964232,0.76
 Ohimini ,February,2021,488,460,353,0.0,0.0,02,2021-02-01,0.7673913043478261,
 Ohimini ,May,2021,691,667,339,0.0,0.0,05,2021-05-01,0.5082458770614693,
 Ohimini ,December,2021,433,406,239,0.0,0.0,12,2021-12-01,0.5886699507389163,
 Ohimini ,January,2021,1023,985,520,0.0,0.0,01,2021-01-01,0.5279187817258884,
 Ohimini ,Novemr,2021,967,915,347,0.0,0.0,,,0.37923497267759565,
 Ohimini ,September,2021,1486,1470,876,0.0,0.0,09,2021-09-01,0.5959183673469388,
 Ohimini ,August,2021,1069,1037,442,0.0,0.0,08,2021-08-01,0.4262295081967213,
 Ohimini ,July,2021,1182,1176,555,0.0,0.0,07,2021-07-01,0.4719387755102041,
 Ohimini ,March,2021,1228,1189,703,0.0,0.0,03,2021-03-01,0.5912531539108494,
 Ohimini ,June,2021,613,558,395,0.0,0.0,06,2021-06-01,0.7078853046594982,
 Ohimini ,April,2021,462,446,244,0.0,0.0,04,2021-04-01,0.547085201793722,
 Ohimini ,October,2021,1008,940,554,0.0,0.0,10,2021-10-01,0.5893617021276596,
 Ohimini ,April,2022,99,89,53,0.0,0.0,04,2022-04-01,0.5955056179775281,
 Ohimini ,March,2022,1085,1063,575,0.0,0.0,03,2022-03-01,0.5409219190968956,
 Ohimini ,June,2022,1159,1158,695,3.0,3.0,06,2022-06-01,0.6001727115716753,1.0
 Ohimini ,May,2022,899,899,495,0.0,0.0,05,2022-05-01,0.5506117908787542,
 Ohimini ,September,2022,427,425,157,3.0,0.0,09,2022-09-01,0.36941176470588233,0.0
 Ohimini ,January,2022,752,726,436,0.0,0.0,01,2022-01-01,0.6005509641873278,
 Ohimini ,July,2022,1187,1187,540,0.0,0.0,07,2022-07-01,0.45492839090143217,
 Ohimini ,Novemr,2022,418,373,245,0.0,0.0,,,0.6568364611260054,
 Ohimini ,August,2022,960,924,517,36.0,36.0,08,2022-08-01,0.5595238095238095,1.0
 Ohimini ,February,2022,1151,1082,623,68.0,45.0,02,2022-02-01,0.5757855822550831,0.6617647058823529
 Ohimini ,October,2022,1380,1380,763,0.0,0.0,10,2022-10-01,0.5528985507246377,
 Ohimini ,December,2022,1001,996,440,0.0,0.0,12,2022-12-01,0.44176706827309237,
 Ohimini ,April,2023,555,555,375,0.0,0.0,04,2023-04-01,0.6756756756756757,
 Ohimini ,March,2023,905,858,618,21.0,21.0,03,2023-03-01,0.7202797202797203,1.0
 Ohimini ,October,2023,377,368,289,9.0,9.0,10,2023-10-01,0.7853260869565217,1.0
 Ohimini ,Novemr,2023,573,563,454,7.0,3.0,,,0.8063943161634103,0.42857142857142855
 Ohimini ,July,2023,507,500,379,7.0,3.0,07,2023-07-01,0.758,0.42857142857142855
 Ohimini ,September,2023,853,845,624,8.0,8.0,09,2023-09-01,0.7384615384615385,1.0
 Ohimini ,February,2023,623,600,474,14.0,11.0,02,2023-02-01,0.79,0.7857142857142857
 Ohimini ,August,2023,442,434,288,0.0,0.0,08,2023-08-01,0.663594470046083,
 Ohimini ,January,2023,531,461,367,0.0,0.0,01,2023-01-01,0.7960954446854663,
 Ohimini ,December,2023,303,283,211,0.0,0.0,12,2023-12-01,0.7455830388692579,
 Ohimini ,May,2023,188,188,118,0.0,0.0,05,2023-05-01,0.6276595744680851,
 Ohimini ,June,2023,444,444,326,0.0,0.0,06,2023-06-01,0.7342342342342343,
 Ohimini ,February,2024,812,811,431,0.0,0.0,02,2024-02-01,0.531442663378545,
 Ohimini ,August,2024,648,648,329,0.0,0.0,08,2024-08-01,0.5077160493827161,
 Ohimini ,October,2024,1321,1319,754,0.0,0.0,10,2024-10-01,0.5716451857467779,
 Ohimini ,December,2024,632,643,452,2.0,0.0,12,2024-12-01,0.702954898911353,0.0
 Ohimini ,January,2024,580,569,406,8.0,0.0,01,2024-01-01,0.7135325131810193,0.0
 Ohimini ,May,2024,654,648,407,0.0,0.0,05,2024-05-01,0.6280864197530864,
 Ohimini ,September,2024,882,829,637,0.0,0.0,09,2024-09-01,0.7683956574185766,
 Ohimini ,July,2024,927,896,592,0.0,0.0,07,2024-07-01,0.6607142857142857,
 Ohimini ,Novemr,2024,1268,1267,784,0.0,0.0,,,0.6187845303867403,
 Ohimini ,June,2024,679,679,342,0.0,0.0,06,2024-06-01,0.5036818851251841,
 Ohimini ,March,2024,662,662,272,0.0,0.0,03,2024-03-01,0.4108761329305136,
 Ohimini ,April,2024,939,939,626,0.0,0.0,04,2024-04-01,0.6666666666666666,
 Oju ,October,2021,2846,2032,870,814.0,320.0,10,2021-10-01,0.4281496062992126,0.3931203931203931
 Oju ,May,2021,2803,2043,976,736.0,244.0,05,2021-05-01,0.4777288301517376,0.33152173913043476
 Oju ,February,2021,3732,3306,1538,432.0,81.0,02,2021-02-01,0.4652147610405324,0.1875
 Oju ,December,2021,2147,1556,749,554.0,276.0,12,2021-12-01,0.4813624678663239,0.4981949458483754
 Oju ,January,2021,2698,2415,1102,283.0,165.0,01,2021-01-01,0.4563146997929607,0.5830388692579506
 Oju ,Novemr,2021,1660,1120,414,538.0,182.0,,,0.36964285714285716,0.3382899628252788
 Oju ,September,2021,1327,1232,572,88.0,60.0,09,2021-09-01,0.4642857142857143,0.6818181818181818
 Oju ,July,2021,2477,2337,1095,89.0,49.0,07,2021-07-01,0.4685494223363286,0.550561797752809
 Oju ,August,2021,2372,1765,779,611.0,139.0,08,2021-08-01,0.4413597733711048,0.22749590834697217
 Oju ,June,2021,381,469,207,0.0,0.0,06,2021-06-01,0.44136460554371004,
 Oju ,April,2021,2716,1808,998,908.0,461.0,04,2021-04-01,0.5519911504424779,0.5077092511013216
 Oju ,March,2021,2340,1519,550,788.0,289.0,03,2021-03-01,0.3620803159973667,0.366751269035533
 Oju ,July,2022,223,212,161,0.0,0.0,07,2022-07-01,0.7594339622641509,
 Oju ,February,2022,413,422,146,0.0,0.0,02,2022-02-01,0.3459715639810427,
 Oju ,March,2022,1073,1073,540,0.0,0.0,03,2022-03-01,0.5032618825722274,
 Oju ,June,2022,861,861,474,0.0,0.0,06,2022-06-01,0.5505226480836237,
 Oju ,May,2022,951,951,419,0.0,0.0,05,2022-05-01,0.4405888538380652,
 Oju ,September,2022,1040,1040,500,0.0,0.0,09,2022-09-01,0.4807692307692308,
 Oju ,Novemr,2022,1286,1286,612,0.0,0.0,,,0.4758942457231726,
 Oju ,August,2022,1375,1262,749,0.0,0.0,08,2022-08-01,0.5935023771790808,
 Oju ,October,2022,794,738,391,0.0,0.0,10,2022-10-01,0.5298102981029811,
 Oju ,April,2022,1057,1054,640,1.0,0.0,04,2022-04-01,0.6072106261859582,0.0
 Oju ,December,2022,729,729,495,0.0,0.0,12,2022-12-01,0.6790123456790124,
 Oju ,January,2022,674,674,383,0.0,0.0,01,2022-01-01,0.5682492581602374,
 Oju ,February,2023,213,176,138,0.0,0.0,02,2023-02-01,0.7840909090909091,
 Oju ,September,2023,599,585,424,14.0,12.0,09,2023-09-01,0.7247863247863248,0.8571428571428571
 Oju ,August,2023,708,691,515,17.0,15.0,08,2023-08-01,0.7452966714905933,0.8823529411764706
 Oju ,July,2023,614,527,440,9.0,9.0,07,2023-07-01,0.8349146110056926,1.0
 Oju ,January,2023,462,462,401,15.0,15.0,01,2023-01-01,0.8679653679653679,1.0
 Oju ,December,2023,712,684,519,13.0,11.0,12,2023-12-01,0.7587719298245614,0.8461538461538461
 Oju ,May,2023,404,398,337,6.0,6.0,05,2023-05-01,0.8467336683417085,1.0
 Oju ,June,2023,387,381,303,6.0,6.0,06,2023-06-01,0.7952755905511811,1.0
 Oju ,April,2023,132,132,92,0.0,0.0,04,2023-04-01,0.696969696969697,
 Oju ,October,2023,615,561,447,14.0,14.0,10,2023-10-01,0.7967914438502673,1.0
 Oju ,March,2023,539,539,421,0.0,0.0,03,2023-03-01,0.7810760667903525,
 Oju ,Novemr,2023,654,637,490,5.0,5.0,,,0.7692307692307693,1.0
 Oju ,September,2024,929,905,619,0.0,0.0,09,2024-09-01,0.6839779005524862,
 Oju ,July,2024,1463,1449,814,0.0,0.0,07,2024-07-01,0.5617667356797792,
 Oju ,Novemr,2024,1125,1123,627,0.0,0.0,,,0.5583259127337489,
 Oju ,January,2024,789,781,503,0.0,0.0,01,2024-01-01,0.6440460947503202,
 Oju ,August,2024,993,990,680,0.0,0.0,08,2024-08-01,0.6868686868686869,
 Oju ,June,2024,1461,1456,893,0.0,0.0,06,2024-06-01,0.6133241758241759,
 Oju ,October,2024,647,647,391,0.0,0.0,10,2024-10-01,0.6043276661514683,
 Oju ,March,2024,879,879,372,0.0,0.0,03,2024-03-01,0.4232081911262799,
 Oju ,April,2024,982,981,636,0.0,0.0,04,2024-04-01,0.6483180428134556,
 Oju ,December,2024,458,458,186,0.0,0.0,12,2024-12-01,0.40611353711790393,
 Oju ,February,2024,828,828,372,0.0,0.0,02,2024-02-01,0.4492753623188406,
 Oju ,May,2024,705,705,411,0.0,0.0,05,2024-05-01,0.5829787234042553,
 Okpokwu ,April,2021,2799,2130,1064,575.0,234.0,04,2021-04-01,0.49953051643192486,0.40695652173913044
 Okpokwu ,March,2021,2108,1794,530,314.0,133.0,03,2021-03-01,0.2954292084726867,0.42356687898089174
 Okpokwu ,June,2021,2895,2248,718,605.0,258.0,06,2021-06-01,0.3193950177935943,0.42644628099173554
 Okpokwu ,October,2021,2181,1752,774,429.0,245.0,10,2021-10-01,0.4417808219178082,0.5710955710955711
 Okpokwu ,February,2021,2620,1855,907,599.0,320.0,02,2021-02-01,0.4889487870619946,0.5342237061769616
 Okpokwu ,December,2021,2980,2078,847,655.0,277.0,12,2021-12-01,0.4076034648700674,0.42290076335877863
 Okpokwu ,May,2021,3074,1912,1077,836.0,370.0,05,2021-05-01,0.5632845188284519,0.44258373205741625
 Okpokwu ,Novemr,2021,2221,2056,1115,165.0,86.0,,,0.5423151750972762,0.5212121212121212
 Okpokwu ,August,2021,2179,2163,900,14.0,7.0,08,2021-08-01,0.4160887656033287,0.5
 Okpokwu ,January,2021,2658,1988,908,668.0,251.0,01,2021-01-01,0.4567404426559356,0.37574850299401197
 Okpokwu ,September,2021,2698,1722,697,893.0,387.0,09,2021-09-01,0.40476190476190477,0.4333706606942889
 Okpokwu ,July,2021,2541,1849,860,673.0,302.0,07,2021-07-01,0.46511627906976744,0.4487369985141159
 Okpokwu ,January,2022,1298,1019,616,0.0,0.0,01,2022-01-01,0.6045142296368989,
 Okpokwu ,July,2022,2014,2015,997,0.0,0.0,07,2022-07-01,0.4947890818858561,
 Okpokwu ,Novemr,2022,2550,2493,1226,0.0,0.0,,,0.4917769755314882,
 Okpokwu ,February,2022,1645,1400,745,43.0,38.0,02,2022-02-01,0.5321428571428571,0.8837209302325582
 Okpokwu ,September,2022,1997,1915,1184,2.0,2.0,09,2022-09-01,0.6182767624020887,1.0
 Okpokwu ,October,2022,3294,3294,2022,0.0,0.0,10,2022-10-01,0.6138433515482696,
 Okpokwu ,May,2022,1487,1279,892,140.0,120.0,05,2022-05-01,0.6974198592650508,0.8571428571428571
 Okpokwu ,June,2022,2473,2474,1547,0.0,0.0,06,2022-06-01,0.6253031527890056,
 Okpokwu ,March,2022,1256,1252,841,0.0,0.0,03,2022-03-01,0.6717252396166135,
 Okpokwu ,December,2022,1708,1693,1106,0.0,0.0,12,2022-12-01,0.6532782043709392,
 Okpokwu ,April,2022,2394,2375,1120,0.0,0.0,04,2022-04-01,0.47157894736842104,
 Okpokwu ,August,2022,2105,2151,1043,0.0,0.0,08,2022-08-01,0.4848907484890749,
 Okpokwu ,December,2023,466,466,359,0.0,0.0,12,2023-12-01,0.7703862660944206,
 Okpokwu ,May,2023,887,846,586,0.0,0.0,05,2023-05-01,0.6926713947990544,
 Okpokwu ,June,2023,726,707,595,0.0,0.0,06,2023-06-01,0.8415841584158416,
 Okpokwu ,October,2023,536,406,331,0.0,0.0,10,2023-10-01,0.8152709359605911,
 Okpokwu ,March,2023,741,721,518,11.0,8.0,03,2023-03-01,0.7184466019417476,0.7272727272727273
 Okpokwu ,April,2023,529,517,369,0.0,0.0,04,2023-04-01,0.7137330754352031,
 Okpokwu ,February,2023,710,659,467,16.0,12.0,02,2023-02-01,0.708649468892261,0.75
 Okpokwu ,September,2023,502,497,409,5.0,5.0,09,2023-09-01,0.8229376257545271,1.0
 Okpokwu ,Novemr,2023,1597,1580,1424,0.0,0.0,,,0.9012658227848102,
 Okpokwu ,July,2023,572,548,445,13.0,13.0,07,2023-07-01,0.8120437956204379,1.0
 Okpokwu ,August,2023,736,711,540,25.0,25.0,08,2023-08-01,0.759493670886076,1.0
 Okpokwu ,January,2023,873,873,688,0.0,0.0,01,2023-01-01,0.7880870561282932,
 Okpokwu ,January,2024,1109,1099,615,0.0,0.0,01,2024-01-01,0.5595996360327571,
 Okpokwu ,August,2024,792,710,498,0.0,0.0,08,2024-08-01,0.7014084507042253,
 Okpokwu ,June,2024,1166,1148,644,0.0,0.0,06,2024-06-01,0.5609756097560976,
 Okpokwu ,April,2024,711,722,325,0.0,0.0,04,2024-04-01,0.45013850415512463,
 Okpokwu ,March,2024,1256,1235,825,0.0,0.0,03,2024-03-01,0.6680161943319838,
 Okpokwu ,February,2024,1242,1239,759,0.0,0.0,02,2024-02-01,0.612590799031477,
 Okpokwu ,Novemr,2024,1326,1326,733,0.0,0.0,,,0.552790346907994,
 Okpokwu ,July,2024,1359,1350,932,0.0,0.0,07,2024-07-01,0.6903703703703704,
 Okpokwu ,September,2024,1639,1622,1160,0.0,0.0,09,2024-09-01,0.7151664611590629,
 Okpokwu ,May,2024,1125,1125,693,0.0,0.0,05,2024-05-01,0.616,
 Okpokwu ,October,2024,761,761,496,0.0,0.0,10,2024-10-01,0.6517739816031537,
 Okpokwu ,December,2024,664,655,476,0.0,0.0,12,2024-12-01,0.7267175572519083,
 Otukpo ,December,2021,2876,2189,971,657.0,141.0,12,2021-12-01,0.44358154408405664,0.2146118721461187
 Otukpo ,October,2021,1997,1781,1178,181.0,157.0,10,2021-10-01,0.6614261650758001,0.8674033149171271
 Otukpo ,September,2021,2653,2170,864,471.0,95.0,09,2021-09-01,0.39815668202764976,0.20169851380042464
 Otukpo ,January,2021,3028,2737,1419,286.0,107.0,01,2021-01-01,0.5184508586043113,0.3741258741258741
 Otukpo ,July,2021,770,591,297,66.0,54.0,07,2021-07-01,0.5025380710659898,0.8181818181818182
 Otukpo ,August,2021,2913,2032,985,830.0,319.0,08,2021-08-01,0.484744094488189,0.38433734939759034
 Otukpo ,May,2021,2455,2340,1241,77.0,58.0,05,2021-05-01,0.5303418803418803,0.7532467532467533
 Otukpo ,February,2021,2749,2290,1256,459.0,149.0,02,2021-02-01,0.548471615720524,0.32461873638344224
 Otukpo ,April,2021,2259,1512,659,668.0,298.0,04,2021-04-01,0.43584656084656087,0.44610778443113774
 Otukpo ,March,2021,2507,1875,1043,576.0,284.0,03,2021-03-01,0.5562666666666667,0.4930555555555556
 Otukpo ,Novemr,2021,1134,1039,493,70.0,52.0,,,0.47449470644850816,0.7428571428571429
 Otukpo ,June,2021,1591,933,250,579.0,193.0,06,2021-06-01,0.2679528403001072,0.3333333333333333
 Otukpo ,September,2022,1805,1627,957,159.0,40.0,09,2022-09-01,0.58819913952059,0.25157232704402516
 Otukpo ,February,2022,1411,1374,762,0.0,0.0,02,2022-02-01,0.5545851528384279,
 Otukpo ,May,2022,1037,1037,620,0.0,0.0,05,2022-05-01,0.5978784956605593,
 Otukpo ,July,2022,2275,2254,1409,7.0,0.0,07,2022-07-01,0.6251109139307897,0.0
 Otukpo ,April,2022,2737,2584,1696,0.0,0.0,04,2022-04-01,0.6563467492260062,
 Otukpo ,December,2022,2068,2068,1254,0.0,0.0,12,2022-12-01,0.6063829787234043,
 Otukpo ,June,2022,2127,2050,1313,13.0,0.0,06,2022-06-01,0.6404878048780488,0.0
 Otukpo ,March,2022,2479,2285,1138,70.0,49.0,03,2022-03-01,0.49803063457330415,0.7
 Otukpo ,August,2022,3028,3028,1931,0.0,0.0,08,2022-08-01,0.6377146631439894,
 Otukpo ,January,2022,3056,2910,1716,142.0,28.0,01,2022-01-01,0.5896907216494846,0.19718309859154928
 Otukpo ,October,2022,2585,2558,1858,0.0,0.0,10,2022-10-01,0.7263487099296325,
 Otukpo ,Novemr,2022,1620,1464,954,27.0,22.0,,,0.6516393442622951,0.8148148148148148
 Otukpo ,January,2023,2027,1953,1148,0.0,8.0,01,2023-01-01,0.5878136200716846,
 Otukpo ,October,2023,1641,1633,1099,0.0,0.0,10,2023-10-01,0.6729944886711574,
 Otukpo ,August,2023,4558,4551,3282,0.0,0.0,08,2023-08-01,0.7211601845748187,
 Otukpo ,Novemr,2023,4200,3445,2337,0.0,0.0,,,0.6783744557329463,
 Otukpo ,September,2023,3624,3595,2737,0.0,0.0,09,2023-09-01,0.7613351877607789,
 Otukpo ,July,2023,1653,1611,1062,0.0,0.0,07,2023-07-01,0.659217877094972,
 Otukpo ,February,2023,3733,3444,2258,0.0,0.0,02,2023-02-01,0.6556329849012776,
 Otukpo ,December,2023,1666,1611,1032,0.0,0.0,12,2023-12-01,0.6405959031657356,
 Otukpo ,June,2023,4389,4384,3255,0.0,0.0,06,2023-06-01,0.7424726277372263,
 Otukpo ,May,2023,3006,2690,1956,0.0,0.0,05,2023-05-01,0.7271375464684015,
 Otukpo ,April,2023,2131,2127,1411,0.0,0.0,04,2023-04-01,0.6633756464503996,
 Otukpo ,March,2023,3474,3473,2712,0.0,0.0,03,2023-03-01,0.7808810826374892,
 Otukpo ,April,2024,997,993,654,0.0,0.0,04,2024-04-01,0.6586102719033232,
 Otukpo ,June,2024,788,787,516,0.0,0.0,06,2024-06-01,0.6556543837357052,
 Otukpo ,August,2024,977,966,729,0.0,0.0,08,2024-08-01,0.7546583850931677,
 Otukpo ,January,2024,1205,1203,827,0.0,0.0,01,2024-01-01,0.6874480465502909,
 Otukpo ,December,2024,669,617,442,0.0,0.0,12,2024-12-01,0.7163695299837926,
 Otukpo ,October,2024,1254,1248,815,0.0,0.0,10,2024-10-01,0.6530448717948718,
 Otukpo ,May,2024,502,499,229,0.0,0.0,05,2024-05-01,0.4589178356713427,
 Otukpo ,March,2024,786,780,515,0.0,9.0,03,2024-03-01,0.6602564102564102,
 Otukpo ,September,2024,562,469,328,0.0,0.0,09,2024-09-01,0.6993603411513859,
 Otukpo ,Novemr,2024,1357,1327,800,0.0,0.0,,,0.6028636021100227,
 Otukpo ,July,2024,1116,1115,660,0.0,0.0,07,2024-07-01,0.5919282511210763,
 Otukpo ,February,2024,940,935,537,0.0,0.0,02,2024-02-01,0.574331550802139,
 Tarka ,February,2021,1943,1371,390,564.0,154.0,02,2021-02-01,0.2844638949671772,0.2730496453900709
 Tarka ,July,2021,1905,1315,683,467.0,286.0,07,2021-07-01,0.5193916349809886,0.6124197002141327
 Tarka ,September,2021,3384,2513,1321,805.0,314.0,09,2021-09-01,0.52566653402308,0.39006211180124223
 Tarka ,May,2021,2230,2113,1182,117.0,65.0,05,2021-05-01,0.5593942262186464,0.5555555555555556
 Tarka ,January,2021,812,698,337,90.0,58.0,01,2021-01-01,0.4828080229226361,0.6444444444444445
 Tarka ,Novemr,2021,3172,2647,1312,525.0,115.0,,,0.49565545901020025,0.21904761904761905
 Tarka ,August,2021,2722,2486,1336,240.0,79.0,08,2021-08-01,0.5374094931617055,0.32916666666666666
 Tarka ,April,2021,2647,2019,656,589.0,298.0,04,2021-04-01,0.32491332342743934,0.5059422750424448
 Tarka ,March,2021,3241,2676,1424,559.0,130.0,03,2021-03-01,0.5321375186846039,0.23255813953488372
 Tarka ,June,2021,879,667,397,45.0,25.0,06,2021-06-01,0.5952023988005997,0.5555555555555556
 Tarka ,December,2021,1787,1473,596,313.0,50.0,12,2021-12-01,0.4046164290563476,0.1597444089456869
 Tarka ,October,2021,3125,2703,1450,422.0,141.0,10,2021-10-01,0.536440991490936,0.3341232227488152
 Tarka ,April,2022,908,910,651,49.0,1.0,04,2022-04-01,0.7153846153846154,0.02040816326530612
 Tarka ,August,2022,2236,2110,1635,0.0,0.0,08,2022-08-01,0.7748815165876777,
 Tarka ,January,2022,1440,1392,870,89.0,61.0,01,2022-01-01,0.625,0.6853932584269663
 Tarka ,February,2022,2058,1898,1161,114.0,47.0,02,2022-02-01,0.6116965226554267,0.41228070175438597
 Tarka ,June,2022,2426,2426,1533,0.0,0.0,06,2022-06-01,0.6319043693322342,
 Tarka ,May,2022,2777,2777,1738,0.0,0.0,05,2022-05-01,0.6258552394670508,
 Tarka ,July,2022,1459,1410,942,2.0,0.0,07,2022-07-01,0.6680851063829787,0.0
 Tarka ,September,2022,1835,1599,881,0.0,0.0,09,2022-09-01,0.5509693558474046,
 Tarka ,Novemr,2022,2191,2093,1465,0.0,0.0,,,0.6999522216913521,
 Tarka ,October,2022,1876,1406,823,117.0,110.0,10,2022-10-01,0.585348506401138,0.9401709401709402
 Tarka ,March,2022,2378,2378,1482,0.0,0.0,03,2022-03-01,0.6232127838519764,
 Tarka ,December,2022,2656,2319,1424,0.0,0.0,12,2022-12-01,0.6140577835273825,
 Tarka ,April,2023,2283,2201,1560,0.0,0.0,04,2023-04-01,0.7087687414811449,
 Tarka ,March,2023,4115,3119,2413,0.0,0.0,03,2023-03-01,0.7736453991663995,
 Tarka ,June,2023,4229,3820,3003,0.0,0.0,06,2023-06-01,0.7861256544502618,
 Tarka ,Novemr,2023,736,723,565,0.0,0.0,,,0.7814661134163209,
 Tarka ,October,2023,3861,3834,3150,0.0,0.0,10,2023-10-01,0.8215962441314554,
 Tarka ,September,2023,4262,4247,3205,0.0,0.0,09,2023-09-01,0.7546503414174711,
 Tarka ,February,2023,3614,3595,2504,0.0,0.0,02,2023-02-01,0.6965229485396384,
 Tarka ,July,2023,3779,3754,2752,20.0,10.0,07,2023-07-01,0.7330847096430474,0.5
 Tarka ,August,2023,2605,2602,1818,0.0,0.0,08,2023-08-01,0.6986933128362798,
 Tarka ,January,2023,1607,1592,984,0.0,0.0,01,2023-01-01,0.6180904522613065,
 Tarka ,December,2023,1449,1363,998,0.0,0.0,12,2023-12-01,0.7322083639031548,
 Tarka ,May,2023,2562,2374,1439,2.0,0.0,05,2023-05-01,0.6061499578770009,0.0
 Tarka ,June,2024,934,891,579,42.0,32.0,06,2024-06-01,0.6498316498316499,0.7619047619047619
 Tarka ,August,2024,857,847,397,0.0,0.0,08,2024-08-01,0.46871310507674147,
 Tarka ,October,2024,1238,1229,774,5.0,5.0,10,2024-10-01,0.629780309194467,1.0
 Tarka ,December,2024,1487,1474,849,13.0,13.0,12,2024-12-01,0.5759837177747625,1.0
 Tarka ,May,2024,973,957,614,11.0,9.0,05,2024-05-01,0.6415882967607106,0.8181818181818182
 Tarka ,January,2024,906,892,487,11.0,8.0,01,2024-01-01,0.5459641255605381,0.7272727272727273
 Tarka ,September,2024,1366,1322,599,13.0,13.0,09,2024-09-01,0.45310136157337366,1.0
 Tarka ,July,2024,1606,1602,941,0.0,0.0,07,2024-07-01,0.5873907615480649,
 Tarka ,February,2024,1606,1544,954,49.0,26.0,02,2024-02-01,0.6178756476683938,0.5306122448979592
 Tarka ,Novemr,2024,1478,1431,902,42.0,9.0,,,0.6303284416491963,0.21428571428571427
 Tarka ,April,2024,1066,1062,491,5.0,4.0,04,2024-04-01,0.4623352165725047,0.8
 Tarka ,March,2024,1300,1325,817,7.0,4.0,03,2024-03-01,0.6166037735849057,0.5714285714285714
 Ukum ,February,2021,1169,910,399,0.0,0.0,02,2021-02-01,0.43846153846153846,
 Ukum ,May,2021,470,415,358,0.0,1.0,05,2021-05-01,0.8626506024096385,
 Ukum ,Novemr,2021,1089,1083,533,0.0,0.0,,,0.492151431209603,
 Ukum ,August,2021,1515,1524,799,0.0,0.0,08,2021-08-01,0.5242782152230971,
 Ukum ,July,2021,437,436,348,0.0,0.0,07,2021-07-01,0.7981651376146789,
 Ukum ,January,2021,1197,1121,772,0.0,0.0,01,2021-01-01,0.6886708296164139,
 Ukum ,September,2021,102,19,86,0.0,0.0,09,2021-09-01,4.526315789473684,
 Ukum ,October,2021,3007,3012,2910,0.0,0.0,10,2021-10-01,0.9661354581673307,
 Ukum ,December,2021,1013,1013,536,0.0,0.0,12,2021-12-01,0.5291214215202369,
 Ukum ,June,2021,1197,995,534,0.0,0.0,06,2021-06-01,0.5366834170854271,
 Ukum ,April,2021,2226,2161,1404,0.0,0.0,04,2021-04-01,0.6496992133271634,
 Ukum ,March,2021,420,359,365,33.0,0.0,03,2021-03-01,1.0167130919220055,0.0
 Ukum ,April,2022,2550,2550,1569,0.0,0.0,04,2022-04-01,0.6152941176470588,
 Ukum ,Novemr,2022,2009,1989,1233,0.0,0.0,,,0.6199095022624435,
 Ukum ,December,2022,2079,2079,1238,0.0,0.0,12,2022-12-01,0.5954785954785955,
 Ukum ,July,2022,2567,2550,1372,0.0,0.0,07,2022-07-01,0.5380392156862746,
 Ukum ,February,2022,2798,2798,1779,0.0,0.0,02,2022-02-01,0.6358112937812723,
 Ukum ,September,2022,1563,1563,841,0.0,0.0,09,2022-09-01,0.5380678182981445,
 Ukum ,June,2022,3032,2984,696,0.0,0.0,06,2022-06-01,0.23324396782841822,
 Ukum ,May,2022,2287,2277,1439,0.0,0.0,05,2022-05-01,0.631971892841458,
 Ukum ,March,2022,1667,1415,547,77.0,80.0,03,2022-03-01,0.38657243816254416,1.0389610389610389
 Ukum ,October,2022,2123,2123,1293,0.0,0.0,10,2022-10-01,0.6090438059349976,
 Ukum ,January,2022,3041,2759,1903,127.0,122.0,01,2022-01-01,0.6897426603841972,0.9606299212598425
 Ukum ,August,2022,2156,2156,978,0.0,0.0,08,2022-08-01,0.4536178107606679,
 Ukum ,April,2023,4346,4315,3426,0.0,0.0,04,2023-04-01,0.7939745075318656,
 Ukum ,March,2023,2819,2819,2240,0.0,0.0,03,2023-03-01,0.7946080170273147,
 Ukum ,May,2023,3438,3832,2652,16.0,7.0,05,2023-05-01,0.6920668058455115,0.4375
 Ukum ,June,2023,1855,1853,1156,0.0,0.0,06,2023-06-01,0.6238532110091743,
 Ukum ,December,2023,3764,3757,2867,6.0,6.0,12,2023-12-01,0.7631088634548843,1.0
 Ukum ,September,2023,3875,3823,2819,0.0,0.0,09,2023-09-01,0.7373790217106984,
 Ukum ,February,2023,2035,1799,1198,0.0,0.0,02,2023-02-01,0.6659255141745414,
 Ukum ,Novemr,2023,2416,2410,1634,0.0,0.0,,,0.6780082987551868,
 Ukum ,January,2023,2471,2342,1536,0.0,0.0,01,2023-01-01,0.6558497011101623,
 Ukum ,August,2023,2294,2181,1322,0.0,0.0,08,2023-08-01,0.6061439706556625,
 Ukum ,July,2023,2029,1997,1109,0.0,0.0,07,2023-07-01,0.5553329994992489,
 Ukum ,October,2023,3792,3722,2855,0.0,93.0,10,2023-10-01,0.7670607200429876,
 Ukum ,April,2024,956,934,590,0.0,0.0,04,2024-04-01,0.6316916488222698,
 Ukum ,March,2024,1401,1361,795,29.0,4.0,03,2024-03-01,0.5841293166789125,0.13793103448275862
 Ukum ,June,2024,1486,1427,821,50.0,24.0,06,2024-06-01,0.575332866152768,0.48
 Ukum ,October,2024,1345,1341,855,0.0,0.0,10,2024-10-01,0.6375838926174496,
 Ukum ,August,2024,905,902,514,3.0,3.0,08,2024-08-01,0.5698447893569845,1.0
 Ukum ,January,2024,423,412,233,10.0,3.0,01,2024-01-01,0.5655339805825242,0.3
 Ukum ,December,2024,430,403,200,9.0,8.0,12,2024-12-01,0.49627791563275436,0.8888888888888888
 Ukum ,February,2024,799,767,582,20.0,16.0,02,2024-02-01,0.758800521512386,0.8
 Ukum ,Novemr,2024,1145,1137,671,6.0,4.0,,,0.5901495162708883,0.6666666666666666
 Ukum ,July,2024,1522,1494,924,24.0,10.0,07,2024-07-01,0.6184738955823293,0.4166666666666667
 Ukum ,September,2024,1329,1311,585,12.0,12.0,09,2024-09-01,0.4462242562929062,1.0
 Ukum ,May,2024,1276,1249,731,27.0,0.0,05,2024-05-01,0.5852682145716573,0.0
 Ushongo ,March,2021,1353,1353,579,0.0,0.0,03,2021-03-01,0.4279379157427938,
 Ushongo ,April,2021,2848,2818,1996,0.0,0.0,04,2021-04-01,0.7083037615330021,
 Ushongo ,Novemr,2021,1040,1039,602,0.0,0.0,,,0.5794032723772858,
 Ushongo ,June,2021,1023,1023,558,0.0,0.0,06,2021-06-01,0.5454545454545454,
 Ushongo ,December,2021,2057,1975,1280,16.0,16.0,12,2021-12-01,0.6481012658227848,1.0
 Ushongo ,October,2021,735,759,189,0.0,0.0,10,2021-10-01,0.2490118577075099,
 Ushongo ,August,2021,643,635,292,0.0,0.0,08,2021-08-01,0.45984251968503936,
 Ushongo ,July,2021,1031,1031,679,0.0,0.0,07,2021-07-01,0.6585838991270611,
 Ushongo ,January,2021,836,749,173,0.0,0.0,01,2021-01-01,0.23097463284379172,
 Ushongo ,September,2021,1724,1724,982,0.0,8.0,09,2021-09-01,0.5696055684454756,
 Ushongo ,May,2021,1285,1285,774,0.0,0.0,05,2021-05-01,0.6023346303501945,
 Ushongo ,February,2021,3377,3373,3138,0.0,0.0,02,2021-02-01,0.9303290839015713,
 Ushongo ,December,2022,2189,2189,1318,0.0,0.0,12,2022-12-01,0.6021014161717679,
 Ushongo ,March,2022,2143,2015,1546,13.0,9.0,03,2022-03-01,0.7672456575682383,0.6923076923076923
 Ushongo ,June,2022,1957,2066,1494,78.0,0.0,06,2022-06-01,0.723136495643756,0.0
 Ushongo ,Novemr,2022,2519,2519,1240,0.0,0.0,,,0.49225883287018657,
 Ushongo ,October,2022,1379,1415,989,0.0,0.0,10,2022-10-01,0.6989399293286219,
 Ushongo ,January,2022,2229,2222,1318,0.0,0.0,01,2022-01-01,0.5931593159315932,
 Ushongo ,August,2022,3139,3124,2404,2.0,2.0,08,2022-08-01,0.7695262483994878,1.0
 Ushongo ,April,2022,2040,2039,1035,0.0,0.0,04,2022-04-01,0.5076017655713585,
 Ushongo ,September,2022,1128,1064,604,3.0,3.0,09,2022-09-01,0.5676691729323309,1.0
 Ushongo ,February,2022,1179,1142,604,0.0,0.0,02,2022-02-01,0.5288966725043783,
 Ushongo ,May,2022,2809,2809,2134,0.0,0.0,05,2022-05-01,0.7597009611961553,
 Ushongo ,July,2022,2200,2200,1304,0.0,0.0,07,2022-07-01,0.5927272727272728,
 Ushongo ,June,2023,4051,4007,2990,0.0,0.0,06,2023-06-01,0.7461941602196157,
 Ushongo ,May,2023,1735,1598,1042,0.0,0.0,05,2023-05-01,0.6520650813516896,
 Ushongo ,March,2023,3296,3232,2430,0.0,0.0,03,2023-03-01,0.7518564356435643,
 Ushongo ,April,2023,2254,2241,1372,0.0,0.0,04,2023-04-01,0.6122266845158412,
 Ushongo ,January,2023,4409,3527,2665,0.0,0.0,01,2023-01-01,0.7555996597675078,
 Ushongo ,Novemr,2023,1969,1782,1093,1.0,0.0,,,0.6133557800224467,0.0
 Ushongo ,October,2023,3174,2851,2127,0.0,0.0,10,2023-10-01,0.7460540161346896,
 Ushongo ,July,2023,4224,3853,2515,0.0,0.0,07,2023-07-01,0.6527381261354789,
 Ushongo ,September,2023,1828,1813,968,0.0,0.0,09,2023-09-01,0.5339216767788196,
 Ushongo ,August,2023,2895,2848,1995,39.0,10.0,08,2023-08-01,0.7004915730337079,0.2564102564102564
 Ushongo ,February,2023,1240,1159,802,8.0,0.0,02,2023-02-01,0.6919758412424504,0.0
 Ushongo ,December,2023,2266,2164,1406,0.0,0.0,12,2023-12-01,0.6497227356746765,
 Ushongo ,December,2024,1146,1132,561,4.0,4.0,12,2024-12-01,0.495583038869258,1.0
 Ushongo ,October,2024,1184,1162,577,22.0,7.0,10,2024-10-01,0.4965576592082616,0.3181818181818182
 Ushongo ,May,2024,1523,1521,986,0.0,0.0,05,2024-05-01,0.6482577251808022,
 Ushongo ,March,2024,1470,1457,825,13.0,4.0,03,2024-03-01,0.5662319835277968,0.3076923076923077
 Ushongo ,July,2024,858,854,441,2.0,2.0,07,2024-07-01,0.5163934426229508,1.0
 Ushongo ,Novemr,2024,845,829,472,16.0,4.0,,,0.5693606755126659,0.25
 Ushongo ,September,2024,1236,1171,568,57.0,6.0,09,2024-09-01,0.4850555081127242,0.10526315789473684
 Ushongo ,February,2024,690,690,294,1.0,0.0,02,2024-02-01,0.4260869565217391,0.0
 Ushongo ,April,2024,1751,1745,1119,5.0,2.0,04,2024-04-01,0.6412607449856733,0.4
 Ushongo ,June,2024,1105,1095,524,1.0,0.0,06,2024-06-01,0.4785388127853881,0.0
 Ushongo ,August,2024,1176,1143,671,10.0,8.0,08,2024-08-01,0.5870516185476815,0.8
 Ushongo ,January,2024,1469,1465,919,4.0,4.0,01,2024-01-01,0.6273037542662117,1.0
 Vandeikya ,October,2021,1188,1188,557,0.0,0.0,10,2021-10-01,0.46885521885521886,
 Vandeikya ,December,2021,4764,4761,3259,0.0,0.0,12,2021-12-01,0.6845200588111742,
 Vandeikya ,April,2021,1055,1034,582,0.0,0.0,04,2021-04-01,0.562862669245648,
 Vandeikya ,March,2021,3029,3029,1673,0.0,0.0,03,2021-03-01,0.5523275008253549,
 Vandeikya ,June,2021,1943,1942,1371,0.0,0.0,06,2021-06-01,0.7059732234809475,
 Vandeikya ,Novemr,2021,2836,2836,793,0.0,0.0,,,0.2796191819464034,
 Vandeikya ,February,2021,993,863,510,0.0,0.0,02,2021-02-01,0.5909617612977984,
 Vandeikya ,September,2021,4861,4861,3828,0.0,0.0,09,2021-09-01,0.7874922855379551,
 Vandeikya ,July,2021,2585,3078,1243,0.0,0.0,07,2021-07-01,0.40383365821962314,
 Vandeikya ,May,2021,1412,1399,813,3.0,8.0,05,2021-05-01,0.5811293781272338,2.6666666666666665
 Vandeikya ,August,2021,1028,1028,602,0.0,0.0,08,2021-08-01,0.585603112840467,
 Vandeikya ,January,2021,4524,4524,3827,0.0,0.0,01,2021-01-01,0.8459328028293546,
 Vandeikya ,July,2022,1559,1547,993,0.0,8.0,07,2022-07-01,0.6418875242404655,
 Vandeikya ,September,2022,1292,1270,855,0.0,0.0,09,2022-09-01,0.6732283464566929,
 Vandeikya ,February,2022,2377,2368,1669,0.0,0.0,02,2022-02-01,0.7048141891891891,
 Vandeikya ,June,2022,1785,1785,802,0.0,0.0,06,2022-06-01,0.4492997198879552,
 Vandeikya ,May,2022,1898,1897,1425,0.0,0.0,05,2022-05-01,0.7511860832894043,
 Vandeikya ,December,2022,1524,1510,758,11.0,6.0,12,2022-12-01,0.5019867549668874,0.5454545454545454
 Vandeikya ,March,2022,2952,2952,1877,0.0,162.0,03,2022-03-01,0.635840108401084,
 Vandeikya ,October,2022,1684,1684,1003,0.0,0.0,10,2022-10-01,0.5956057007125891,
 Vandeikya ,Novemr,2022,1951,1952,1083,40.0,0.0,,,0.5548155737704918,0.0
 Vandeikya ,January,2022,1945,1705,1059,6.0,6.0,01,2022-01-01,0.6211143695014663,1.0
 Vandeikya ,August,2022,2304,2304,1377,0.0,0.0,08,2022-08-01,0.59765625,
 Vandeikya ,April,2022,2604,2604,1584,0.0,0.0,04,2022-04-01,0.6082949308755761,
 Vandeikya ,February,2023,679,679,518,0.0,0.0,02,2023-02-01,0.7628865979381443,
 Vandeikya ,September,2023,441,420,311,0.0,0.0,09,2023-09-01,0.7404761904761905,
 Vandeikya ,July,2023,128,111,58,0.0,3.0,07,2023-07-01,0.5225225225225225,
 Vandeikya ,August,2023,788,785,641,0.0,0.0,08,2023-08-01,0.8165605095541402,
 Vandeikya ,October,2023,737,404,319,5.0,0.0,10,2023-10-01,0.7896039603960396,0.0
 Vandeikya ,Novemr,2023,830,812,545,35.0,0.0,,,0.6711822660098522,0.0
 Vandeikya ,April,2023,952,952,651,0.0,0.0,04,2023-04-01,0.6838235294117647,
 Vandeikya ,June,2023,2141,1965,1484,0.0,0.0,06,2023-06-01,0.7552162849872773,
 Vandeikya ,May,2023,929,891,773,0.0,0.0,05,2023-05-01,0.867564534231201,
 Vandeikya ,March,2023,656,645,490,0.0,0.0,03,2023-03-01,0.7596899224806202,
 Vandeikya ,December,2023,1595,1577,1300,0.0,0.0,12,2023-12-01,0.8243500317057705,
 Vandeikya ,January,2023,1599,1541,1180,4.0,7.0,01,2023-01-01,0.7657365347177157,1.75
 Vandeikya ,September,2024,1159,1159,615,0.0,0.0,09,2024-09-01,0.5306298533218292,
 Vandeikya ,July,2024,1204,1195,647,9.0,9.0,07,2024-07-01,0.5414225941422595,1.0
 Vandeikya ,February,2024,1144,1134,759,0.0,0.0,02,2024-02-01,0.6693121693121693,
 Vandeikya ,May,2024,1258,1235,672,20.0,20.0,05,2024-05-01,0.5441295546558704,1.0
 Vandeikya ,Novemr,2024,1598,1592,980,6.0,1.0,,,0.6155778894472361,0.16666666666666666
 Vandeikya ,April,2024,484,440,237,9.0,7.0,04,2024-04-01,0.5386363636363637,0.7777777777777778
 Vandeikya ,August,2024,890,853,474,14.0,6.0,08,2024-08-01,0.5556858147713951,0.42857142857142855
 Vandeikya ,March,2024,714,687,433,8.0,0.0,03,2024-03-01,0.6302765647743813,0.0
 Vandeikya ,June,2024,942,906,477,35.0,35.0,06,2024-06-01,0.5264900662251656,1.0
 Vandeikya ,January,2024,600,466,281,14.0,2.0,01,2024-01-01,0.6030042918454935,0.14285714285714285
 Vandeikya ,December,2024,932,902,598,20.0,15.0,12,2024-12-01,0.6629711751662971,0.75
 Vandeikya ,October,2024,547,473,262,14.0,12.0,10,2024-10-01,0.5539112050739958,0.8571428571428571
